candidate_id,stratum,pub_date,source,channel,title,url
ann_2f139d9f4575,explicit_response_pair,2026-04-04,beritajatim,,"Dirut Perum Bulog Cek Gudang Geneng Ngawi, Pastikan Stok Beras Aman",https://beritajatim.com/dirut-perum-bulog-cek-gudang-geneng-ngawi-pastikan-stok-beras-aman
ann_d7feccb2101b,response_disruption_pair,2026-03-04,beritajatim,,"Satgas Pangan Polres Ngawi Cek Pasar Walikukun, Stok Aman Harga Cabai Masih Fluktuatif",https://beritajatim.com/satgas-pangan-polres-ngawi-cek-pasar-walikukun-stok-aman-harga-cabai-masih-fluktuatif
ann_6aa6035089e0,policy_grounding,2021-03-22,beritajatim,,Petani Kabupaten Kediri Tolak Rencana Pemerintah Impor Beras,https://beritajatim.com/petani-kabupaten-kediri-tolak-rencana-pemerintah-impor-beras
ann_7c42d4a16581,policy_citation_control,2024-01-14,kontan,pressrelease,"Tingkatkan Perlindungan Konsumen, Kemendag Awasi Barang Sesuai K3L",https://pressrelease.kontan.co.id/news/tingkatkan-perlindungan-konsumen-kemendag-awasi-barang-sesuai-k3l
ann_dbffc65577ac,policy_citation_control,2025-08-05,beritajatim,,"Dibekuk Polda Jatim, Tersangka Pengoplos Elpiji Subsidi di Malang Bisa Cuan Rp160 Juta Setahun",https://beritajatim.com/dibekuk-polda-jatim-tersangka-pengoplos-elpiji-subsidi-di-malang-bisa-cuan-rp160-juta-setahun
ann_d4f9396fc660,response_disruption_pair,2023-01-18,kompas_regional,surabaya,"Petani di Pamekasan Mengeluh Pupuk Subsidi Langka, Tanaman Padi Terancam Rusak Regional 18 Januari 2023",https://surabaya.kompas.com/read/2023/01/18/143859878/petani-di-pamekasan-mengeluh-pupuk-subsidi-langka-tanaman-padi-terancam
ann_3ae4dc71cd72,explicit_response_pair,2021-03-29,kompas_money,money,"Impor Gula 75.000 Ton, RNI Amankan Stok Jelang Puasa dan Lebaran Money 29 Maret 2021",https://money.kompas.com/read/2021/03/29/193000226/impor-gula-75.000-ton-rni-amankan-stok-jelang-puasa-dan-lebaran-
ann_9b9a4ebf4a7c,response_disruption_pair,2024-12-08,detik_news,news,"Kemensos Salurkan Bantuan Rp 896,4 Juta untuk Korban Banjir Pasuruan",https://news.detik.com/berita/d-7677153/kemensos-salurkan-bantuan-rp-896-4-juta-untuk-korban-banjir-pasuruan
ann_0b3678bb4346,response_disruption_pair,2022-03-15,beritajatim,,Petro Jamin Ketersediaan Pupuk Non Subsidi Petani Tebu,https://beritajatim.com/petro-jamin-ketersediaan-pupuk-non-subsidi-petani-tebu
ann_532d4617437f,explicit_response_pair,2025-02-20,detik_finance,finance,"Kementan Catat Kasus PMK Sapi Menurun, Ini Datanya",https://finance.detik.com/berita-ekonomi-bisnis/d-7788346/kementan-catat-kasus-pmk-sapi-menurun-ini-datanya
ann_230e2f656d73,disruption_only,2024-04-24,beritajatim,,"Genjot Produktivitas Tebu, Disbun Jatim Gelar Bimtek Bongkar Ratoon",https://beritajatim.com/genjot-produktivitas-tebu-disbun-jatim-gelar-bimtek-bongkar-muat-ratoon
ann_51585502a4da,explicit_response_pair,2024-11-02,beritajatim,,Kota Mojokerto Perkuat Ketahanan Pangan dengan Optimalisasi Lahan,https://beritajatim.com/kota-mojokerto-perkuat-ketahanan-pangan-dengan-optimalisasi-lahan
ann_d4f8159cc88f,policy_grounding,2023-09-12,kontan,nasional,"Bantuan Pangan, Jokowi Sebut 3 Bulan ke Depan akan Dibagikan 10 Kg Beras",https://nasional.kontan.co.id/news/bantuan-pangan-jokowi-sebut-3-bulan-ke-depan-akan-dibagikan-10-kg-beras
ann_138ed3c56f49,policy_grounding,2023-06-15,beritajatim,,Pemkot Kediri Minta Tempat Pengolahan Pangan Besertifikasi,https://beritajatim.com/pemkot-kediri-minta-tempat-pengolahan-pangan-besertifikasi
ann_74148fec68c0,disruption_only,2025-11-19,kontan,industri,"Freeport Percepat Pemulihan Tambang Grasberg, Produksi Ditarget Meningkat 2026",https://industri.kontan.co.id/news/freeport-percepat-pemulihan-tambang-grasberg-produksi-ditarget-meningkat-2026
ann_c80bb1de3a2f,response_disruption_pair,2022-12-10,kompas_money,money,"Tutup Musim Giling Tebu 2022, Capaian PG Rajawali I Unit Krebet Baru Lampaui Target Money 10 Desember 2022",https://money.kompas.com/read/2022/12/10/200000526/tutup-musim-giling-tebu-2022-capaian-pg-rajawali-i-unit-krebet-baru-lampaui
ann_7269372a527d,disruption_only,2026-01-30,kontan,industri,Taman Safari Indonesia Rawat Kembangbiakkan 100 Satwa Endemik Langka di PCBA Jatim,https://industri.kontan.co.id/news/taman-safari-indonesia-rawat-kembangbiakkan-100-satwa-endemik-langka-di-pcba-jatim
ann_6f92b5cd1236,response_disruption_pair,2022-06-09,kontan,industri,Asaki Optimistis Volume Produksi Keramik Bisa Tumbuh 15% pada Tahun Ini,https://industri.kontan.co.id/news/asaki-optimistis-volume-produksi-keramik-bisa-tumbuh-15-pada-tahun-ini
ann_32b72b6685a2,disruption_only,2026-04-21,kompas_money,money,Asuransi Usaha Tani Padi Lindungi Petani dari Risiko Fenomena Iklim El Nino Godzilla Money 21 April 2026,https://money.kompas.com/read/2026/04/21/164840026/asuransi-usaha-tani-padi-lindungi-petani-dari-risiko-fenomena-iklim-el-nino
ann_e046c2504305,policy_citation_control,2026-03-12,kompas_regional,surabaya,"Elpiji 3 Kg Langka, Polisi Bongkar Modus Penyuntikan Gas Subsidi di Tulungagung Regional 12 Maret 2026",https://surabaya.kompas.com/read/2026/03/12/193422278/elpiji-3-kg-langka-polisi-bongkar-modus-penyuntikan-gas-subsidi-di
ann_bca771e12c14,explicit_response_pair,2021-05-14,detik_finance,finance,"Aturan Baru Menperin Disoal, Petani: Ada yang Ingin Gagalkan Swasembada Gula",https://finance.detik.com/berita-ekonomi-bisnis/d-5569426/aturan-baru-menperin-disoal-petani-ada-yang-ingin-gagalkan-swasembada-gula
ann_5fcb9dd54e92,policy_citation_control,2026-03-07,beritajatim,,Polresta Malang Kota Bongkar Sindikat Bawang Bombai Impor Ilegal,https://beritajatim.com/polresta-malang-kota-bongkar-sindikat-bawang-bombai-impor-ilegal
ann_53af1e40c09c,response_disruption_pair,2026-01-14,kompas_nasional,nasional,BNPB Intensifkan Modifikasi Cuaca untuk Percepat Pemulihan Pascabencana di Sumatera News 14 Januari 2026,https://nasional.kompas.com/read/2026/01/14/19500501/bnpb-intensifkan-modifikasi-cuaca-untuk-percepat-pemulihan-pascabencana-di
ann_c778d03fa05c,policy_citation_control,2024-02-16,beritajatim,,Harga Beras di Kota Mojokerto Terus Merangkak Naik,https://beritajatim.com/harga-beras-di-kota-mojokerto-terus-merangkak-naik
ann_a0dc6e2f1f43,policy_citation_control,2025-03-19,beritajatim,,"Warga Mojokerto Jual Minyak Goreng Tanpa Label BPOM dan SNI, Ditangkap Polisi",https://beritajatim.com/warga-mojokerto-jual-minyak-goreng-tanpa-label-bpom-dan-sni-ditangkap-polisi
ann_b657b641c4cf,explicit_response_pair,2026-01-13,kompas_regional,surabaya,"Buntut Dugaan Keracunan MBG di Mojokerto, Kemenkes Investigasi Rantai Distribusi Regional 13 Januari 2026",https://surabaya.kompas.com/read/2026/01/13/225137778/buntut-dugaan-keracunan-mbg-di-mojokerto-kemenkes-investigasi-rantai
ann_2156b19dcc35,response_disruption_pair,2023-09-25,beritajatim,,Operasi Pasar Belum Efektif Tekan Harga Beras di Kota Blitar,https://beritajatim.com/operasi-pasar-belum-efektif-tekan-harga-beras-di-kota-blitar
ann_b184e28c6855,response_disruption_pair,2022-03-05,beritajatim,,Wali Kota Kediri Percepat Distribusi Minyak Goreng untuk Masyarakat,https://beritajatim.com/wali-kota-kediri-percepat-distribusi-minyak-goreng-untuk-masyarakat
ann_0f06f1a1393f,hard_negative,2026-03-03,kompas_regional,surabaya,"Sektor Perikanan Indonesia Terdampak Konflik AS-Israel Vs Iran, Ini Kata Menteri KKP Regional 3 Maret 2026",https://surabaya.kompas.com/read/2026/03/03/131312578/sektor-perikanan-indonesia-terdampak-konflik-as-israel-vs-iran-ini-kata
ann_29395691c891,explicit_response_pair,2026-02-25,kompas_money,money,Pemkab Jember Siapkan Tiga Skema Tahan Lonjakan Harga Bapok Ramadhan Money 25 Februari 2026,https://money.kompas.com/read/2026/02/25/221552326/pemkab-jember-siapkan-tiga-skema-tahan-lonjakan-harga-bapok-ramadhan
ann_6942d5fbef71,response_disruption_pair,2026-05-21,kompas_regional,regional,BPOM Soroti SOP dan Distribusi Makanan SPPG Kaliwates 3 yang Sebabkan 22 Murid TK Keracunan Regional 21 Mei 2026,https://regional.kompas.com/read/2026/05/21/155356978/bpom-soroti-sop-dan-distribusi-makanan-sppg-kaliwates-3-yang-sebabkan-22
ann_d9e00923cf86,hard_negative,2021-07-31,detik_news,news,51 Ton Beras Akan Dibagikan ke Warga Terdampak COVID-19 di Magetan,https://news.detik.com/berita-jawa-timur/d-5664749/51-ton-beras-akan-dibagikan-ke-warga-terdampak-covid-19-di-magetan
ann_d319208901d6,response_only,2025-02-23,bisnis,ekonomi,"Masuk Zona Merah, Harga Minyakita Naik Lampaui HET",https://ekonomi.bisnis.com/read/20250223/12/1841923/masuk-zona-merah-harga-minyakita-naik-lampaui-het
ann_dc1fd01d2084,response_disruption_pair,2023-03-28,detik_finance,finance,"Impor Pakaian Bekas Kuasai 31% Pasar UMKM, Mendag: Harus Ditertibkan",https://finance.detik.com/berita-ekonomi-bisnis/d-6643415/impor-pakaian-bekas-kuasai-31-pasar-umkm-mendag-harus-ditertibkan
ann_1ca9b7f7b80d,explicit_response_pair,2024-11-04,kompas_regional,surabaya,27 Rumah di Tulungagung Rusak Disapu Hujan Deras dan Angin Kencang Regional 4 November 2024,https://surabaya.kompas.com/read/2024/11/04/202806978/27-rumah-di-tulungagung-rusak-disapu-hujan-deras-dan-angin-kencang
ann_dcbe2636f374,explicit_response_pair,2024-03-25,kontan,keuangan,BNI Bersama BUMN Lain Gelar Pasar Murah di Bulan Ramadan,https://keuangan.kontan.co.id/news/bni-bersama-bumn-lain-gelar-pasar-murah-di-bulan-ramadan
ann_7805cfc263e9,response_only,2023-02-06,bisnis,ekonomi,"Moratorium Ekspor Mineral Juni 2023, Bos MIND ID: Tembaga Belum Siap",https://ekonomi.bisnis.com/read/20230206/44/1625398/moratorium-ekspor-mineral-juni-2023-bos-mind-id-tembaga-belum-siap
ann_a2734dacdf93,explicit_response_pair,2022-11-07,kompas_regional,regional,"Ada Kawasan Berpotensi Terisolasi karena Banjir di Trenggalek, Mensos Siapkan Dapur Umum Regional 7 November 2022",https://regional.kompas.com/read/2022/11/07/083040978/ada-kawasan-berpotensi-terisolasi-karena-banjir-di-trenggalek-mensos
ann_e528f8aeee9d,disruption_only,2026-05-25,kompas_nasional,nasional,3 Rumah Pompa Baru Perkuat Upaya Kota Surabaya Menuju Bebas Banjir News 25 Mei 2026,https://nasional.kompas.com/read/cm/2026/05/25/13261941/3-rumah-pompa-baru-perkuat-upaya-kota-surabaya-menuju-bebas-banjir
ann_b840431f95ee,explicit_response_pair,2022-02-23,kontan,nasional,"Pasokan Migor Digenjot, Gimni Sebut dari 125 eksportir, Baru 17 korporasi Patuh DMO",https://nasional.kontan.co.id/news/pasokan-migor-digenjot-gimni-sebut-dari-125-eksportir-baru-17-korporasi-patuh-dmo
ann_359c8136ddab,response_only,2024-10-21,kontan,pressrelease,Kemenperin Dorong IKM Mamin Terapkan Keamanan Produksi Pangan,https://pressrelease.kontan.co.id/news/kemenperin-dorong-ikm-mamin-terapkan-keamanan-produksi-pangan
ann_188f385ebe7f,response_disruption_pair,2025-10-30,kontan,industri,"Pasokan Ikan Sarden Menyusut, APIKI Minta Pemerintah Longgarkan Impor Bahan Baku",https://industri.kontan.co.id/news/pasokan-ikan-sarden-menyusut-apiki-minta-pemerintah-longgarkan-impor-bahan-baku
ann_5692144a8778,policy_grounding,2023-09-13,kompas_money,money,Jurus Pemerintah Kendalikan Inflasi Pangan Money 13 September 2023,https://money.kompas.com/read/2023/09/13/072527926/jurus-pemerintah-kendalikan-inflasi-pangan
ann_7df570ce0f6f,response_disruption_pair,2023-12-21,beritajatim,,Rakor Lintas Sektoral Acuan Nataru di Malang Tertib dan Aman,https://beritajatim.com/rakor-lintas-sektoral-acuan-nataru-di-malang-tertib-dan-aman
ann_d8b6ffc7acda,policy_citation_control,2023-09-08,kompas_regional,surabaya,"""Flare Prewedding"" Sebabkan 50 Hektar Lahan di Bromo Terbakar, Manajer WO Tersangka Regional 8 September 2023",https://surabaya.kompas.com/read/2023/09/08/043543178/flare-prewedding-sebabkan-50-hektar-lahan-di-bromo-terbakar-manajer-wo
ann_40533453699e,policy_citation_control,2026-05-29,kompas_regional,surabaya,"Kongkalikong dengan Eks Kepala Gudang Cimory, 2 Pemalsu Tanggal Kedaluwarsa Produk Diadili Regional 29 Mei 2026",https://surabaya.kompas.com/read/2026/05/29/170950178/kongkalikong-dengan-eks-kepala-gudang-cimory-2-pemalsu-tanggal-kedaluwarsa
ann_b8366229a184,explicit_response_pair,2026-03-05,kontan,industri,"Pertamina Lubricants Gelar Program RAFI 2026, Jamin Ketersediaan Oli pada Musim Mudik",https://industri.kontan.co.id/news/pertamina-lubricants-gelar-program-rafi-2026-jamin-ketersediaan-oli-pada-musim-mudik
ann_1e2e277a2a8e,disruption_only,2023-03-24,kompas_regional,surabaya,"Fenomena El Nino Diperkirakan Terjadi Saat Panen Raya, Ini Kata Moeldoko Regional 24 Maret 2023",https://surabaya.kompas.com/read/2023/03/24/142216378/fenomena-el-nino-diperkirakan-terjadi-saat-panen-raya-ini-kata-moeldoko
ann_7a4e2b51369a,disruption_only,2022-05-12,kompas_money,money,Apakah Daging Sapi yang Tertular Penyakit Mulut dan Kuku Aman Dimakan? Money 12 Mei 2022,https://money.kompas.com/read/2022/05/12/055259826/apakah-daging-sapi-yang-tertular-penyakit-mulut-dan-kuku-aman-dimakan
ann_46cb2181a696,policy_grounding,2023-05-16,kontan,nasional,"Harga Telur Ayam Meroket, Ini Penyebabnya",https://nasional.kontan.co.id/news/harga-telur-ayam-meroket-ini-penyebabnya-1
ann_806491aad2d8,disruption_only,2021-12-13,kontan,industri,Petrokimia dan Satgas BUMN Jatim salurkan batuan tahap II ke korban erupsi Semeru,https://industri.kontan.co.id/news/petrokimia-dan-satgas-bumn-jatim-salurkan-batuan-tahap-ii-ke-korban-erupsi-semeru
ann_18b594b3b73e,policy_grounding,2026-04-16,kompas_regional,surabaya,"Kasus Beras SPHP Oplosan, Polda Jatim Sebut Pelaku Kantongi Untung Rp 91 Juta Per Bulan Regional 16 April 2026",https://surabaya.kompas.com/read/2026/04/16/140702878/kasus-beras-sphp-oplosan-polda-jatim-sebut-pelaku-kantongi-untung-rp-91
ann_8844d0317407,response_disruption_pair,2022-08-15,kompas_nasional,nasional,"Sorgum Diproyeksikan Gantikan Gandum, Moeldoko: Kita Tak Akan Ribut soal Mi Instan News 15 Agustus 2022",https://nasional.kompas.com/read/2022/08/15/15354681/sorgum-diproyeksikan-gantikan-gandum-moeldoko-kita-tak-akan-ribut-soal-mi
ann_f1a835ec4682,explicit_response_pair,2025-07-03,kompas_money,money,Pupuk Kaltim Raih 3 Penghargaan Tertinggi di Ajang TOP CSR Awards 2025 Money 3 Juli 2025,https://money.kompas.com/read/2025/07/03/141413926/pupuk-kaltim-raih-3-penghargaan-tertinggi-di-ajang-top-csr-awards-2025
ann_0f647db789d4,explicit_response_pair,2022-06-26,kompas_regional,surabaya,"Sempat Langka, Harga Cabai Rawit Merah di Lumajang Tembus Rp 120 Ribu Regional 26 Juni 2022",https://surabaya.kompas.com/read/2022/06/26/201808578/sempat-langka-harga-cabai-rawit-merah-di-lumajang-tembus-rp-120-ribu
ann_e8cbea289ff5,response_only,2022-06-15,kontan,industri,Pemerintah Siapkan Larangan Ekspor Bauksit Mentah dan Tembaga Mentah,https://industri.kontan.co.id/news/pemerintah-siapkan-larangan-ekspor-bauksit-mentah-dan-tembaga-mentah-1
ann_d3c6eefd8ca0,policy_grounding,2023-03-30,kontan,nasional,"Penuhi Kebutuhan Pangan, Badan Pangan Nasional Kirim 800 Ton Beras ke NTT",https://nasional.kontan.co.id/news/penuhi-kebutuhan-pangan-badan-pangan-nasional-kirim-800-ton-beras-ke-ntt
ann_e98b84f2b92d,response_only,2021-10-01,detik_finance,finance,"Jagung Kiriman dari Pusat Basah, Peternak Ogah Pakai",https://finance.detik.com/berita-ekonomi-bisnis/d-5749415/jagung-kiriman-dari-pusat-basah-peternak-ogah-pakai
ann_aa4fe7443c10,disruption_only,2025-03-02,detik_food,food,5 Varietas Kopi Indonesia yang Tak Kalah Enak dari Kopi Impor,https://food.detik.com/info-kuliner/d-7802107/5-varietas-kopi-indonesia-yang-tak-kalah-enak-dari-kopi-impor
ann_4137d81b78b9,policy_citation_control,2026-04-28,kompas_regional,surabaya,"Pria di Blitar Ditangkap, Beli Solar Subsidi Pakai 12 Barcode Regional 28 April 2026",https://surabaya.kompas.com/read/2026/04/28/180235478/pria-di-blitar-ditangkap-beli-solar-subsidi-pakai-12-barcode
ann_b9ce8bdebefd,disruption_only,2023-10-08,kontan,regional,"Hidupkan Lahan Tidur, Wilmar Padi dan Petani Catatkan Produksi Hingga 7 Ton per Ha",https://regional.kontan.co.id/news/hidupkan-lahan-tidur-wilmar-padi-dan-petani-catatkan-produksi-hingga-7-ton-per-ha
ann_68525207661d,explicit_response_pair,2022-12-30,kompas_money,money,Reformasi Pupuk Subsidi Money 30 Desember 2022,https://money.kompas.com/read/2022/12/30/110147226/reformasi-pupuk-subsidi
ann_c6a4209beff1,disruption_only,2025-02-27,bisnis,ekonomi,KKP Pastikan Ketersediaan Stok Ikan Konsumsi Aman Jelang Ramadan dan Idulfitri,https://ekonomi.bisnis.com/read/20250227/12/1843296/kkp-pastikan-ketersediaan-stok-ikan-konsumsi-aman-jelang-ramadan-dan-idulfitri
ann_89186041f29c,hard_negative,2022-11-05,detik_finance,finance,"Petani Minta Alat Angkut Tebu ke Jokowi: Minimal 100, Pak",https://finance.detik.com/berita-ekonomi-bisnis/d-6389263/petani-minta-alat-angkut-tebu-ke-jokowi-minimal-100-pak
ann_2a84a61c53f4,hard_negative,2024-09-07,kompas_regional,surabaya,"Kemarau, Volume Air Waduk Bendo Ponorogo Menyusut hingga 39 Persen Regional 7 September 2024",https://surabaya.kompas.com/read/2024/09/07/095923678/kemarau-volume-air-waduk-bendo-ponorogo-menyusut-hingga-39-persen
ann_ad087a3038f8,disruption_only,2022-02-20,kompas_regional,regional,Nestapa Petani Seluma di Balik Nikmatnya Padi Empai Regional 20 Februari 2022,https://regional.kompas.com/read/2022/02/20/153308178/nestapa-petani-seluma-di-balik-nikmatnya-padi-empai
ann_4b8c8468554d,policy_citation_control,2025-10-19,kompas_regional,surabaya,"Oplos Elpiji Subsidi ke Tabung 12 Kg, 4 Pria Diringkus di Sumenep Regional 19 Oktober 2025",https://surabaya.kompas.com/read/2025/10/19/170800378/oplos-elpiji-subsidi-ke-tabung-12-kg-4-pria-diringkus-di-sumenep
ann_3e81396104a9,policy_grounding,2023-05-23,kompas_money,money,Harga Telur Tembus Rp 40.000 Diduga karena Mahalnya Pakan Ternak Money 23 Mei 2023,https://money.kompas.com/read/2023/05/23/171000126/harga-telur-tembus-rp-40.000-diduga-karena-mahalnya-pakan-ternak
ann_851d65e6e769,response_only,2022-01-21,beritajatim,,Pedagang Daging Sapi di Kota Pasuruan Masih Mogok,https://beritajatim.com/pedagang-daging-sapi-di-kota-pasuruan-masih-mogok
ann_7d02723700f9,explicit_response_pair,2025-05-15,beritajatim,,"Dirjen Kementan Tinjau Jombang, Targetkan 81 Ribu Hektare Tanam Padi",https://beritajatim.com/dirjen-kementan-tinjau-jombang-targetkan-81-ribu-hektare-tanam-padi
ann_92fffaa3985d,disruption_only,2026-02-02,bisnis,ekonomi,"Bongkar Muat Kapal di Surabaya dan Semarang Molor, ALFI: Peti Kemas Aman",https://ekonomi.bisnis.com/read/20260202/98/1949431/bongkar-muat-kapal-di-surabaya-dan-semarang-molor-alfi-peti-kemas-aman
ann_47901be73ac4,explicit_response_pair,2026-01-22,beritajatim,,"Gandeng BRIN, Pemkab Pasuruan Gunakan Teknologi Canggih Basmi Hama Durian",https://beritajatim.com/gandeng-brin-pemkab-pasuruan-gunakan-teknologi-canggih-basmi-hama-durian
ann_88972a020882,response_disruption_pair,2025-03-20,detik_news,news,Tito Ingatkan Kepala Daerah Jaga Arus Mudik & Stabilitas Harga Pangan,https://news.detik.com/berita/d-7833772/tito-ingatkan-kepala-daerah-jaga-arus-mudik-stabilitas-harga-pangan
ann_5baf3b3e3660,response_only,2022-03-24,kompas_regional,regional,"Curhat Pedagang Kecil di Flores Timur: Harga Minyak Goreng Melonjak, tetapi Stoknya Tidak Ada... Regional 24 Maret 2022",https://regional.kompas.com/read/2022/03/24/171202478/curhat-pedagang-kecil-di-flores-timur-harga-minyak-goreng-melonjak-tetapi
ann_7de16cb7074a,response_only,2021-03-21,detik_news,news,Polisi Banyuwangi Akan Uji Laborat soal Viral Cabai Rawit Dicat,https://news.detik.com/berita-jawa-timur/d-5502249/polisi-banyuwangi-akan-uji-laborat-soal-viral-cabai-rawit-dicat
ann_b6b3da858be4,explicit_response_pair,2023-06-28,beritajatim,,DKPP Lamongan Jalankan Mitigasi Hadapi Ancaman El Nino,https://beritajatim.com/dkpp-lamongan-jalankan-mitigasi-hadapi-ancaman-el-nino
ann_dbdf192be053,policy_grounding,2025-08-25,kompas_money,money,"Pemerintah Suntik Rp 1,5 Triliun untuk Serap Gula Petani, Harga Dijaga di Atas Rp 14.500 per Kg Money 25 Agustus 2025",https://money.kompas.com/read/2025/08/25/105350926/pemerintah-suntik-rp-15-triliun-untuk-serap-gula-petani-harga-dijaga-di-atas
ann_443faafd5022,disruption_only,2021-09-14,kompas_regional,regional,"Cegah Kebakaran Seperti Lapas Tangerang, Ini yang Dilakukan Rutan Gresik Regional 14 September 2021",https://regional.kompas.com/read/2021/09/14/213554478/cegah-kebakaran-seperti-lapas-tangerang-ini-yang-dilakukan-rutan-gresik
ann_63a2468ad5df,policy_grounding,2025-08-04,kompas_regional,surabaya,"Oplos Beras Premium, Warga Sidoarjo Untung Rp 13 Miliar Regional 4 Agustus 2025",https://surabaya.kompas.com/read/2025/08/04/140506878/oplos-beras-premium-warga-sidoarjo-untung-rp-13-miliar
ann_fd422193b502,response_disruption_pair,2021-03-31,kompas_regional,surabaya,"Surplus Beras 200 Ton, Bupati Hendy: Kami Akan Dorong Jember Jadi Lumbung Padi Nasional Regional 31 Maret 2021",https://surabaya.kompas.com/read/2021/03/31/220140478/surplus-beras-200-ton-bupati-hendy-kami-akan-dorong-jember-jadi-lumbung
ann_d7c606cbabb9,response_disruption_pair,2025-01-09,kompas_money,money,Kementan Sebut Pasar yang Terindikasi Dimasuki Ternak Terjangkit PMK Sudah Ditutup Money 9 Januari 2025,https://money.kompas.com/read/2025/01/09/141200426/kementan-sebut-pasar-yang-terindikasi-dimasuki-ternak-terjangkit-pmk-sudah
ann_eab71e790a4e,disruption_only,2021-03-15,kompas_money,money,"Akibat Gagal Panen, Harga Cabai Rawit Merah Naik 22,48 Persen Dalam Sebulan Terakhir Money 15 Maret 2021",https://money.kompas.com/read/2021/03/15/181314926/akibat-gagal-panen-harga-cabai-rawit-merah-naik-2248-persen-dalam-sebulan
ann_05e2fa9b8de0,hard_negative,2024-04-26,detik_news,news,KKP Amankan Kapal Ilegal Berbendera Malaysia Tangkap Ikan di Selat Malaka,https://news.detik.com/berita/d-7312841/kkp-amankan-kapal-ilegal-berbendera-malaysia-tangkap-ikan-di-selat-malaka
ann_fd84b4d2f74b,response_only,2024-07-30,beritajatim,,Politeknik Negeri Jember Hadirkan Aplikasi RIZFARM Sebagai Solusi Cerdas Atasi Masalah Produktivitas Ayam Ras Petelur,https://beritajatim.com/politeknik-negeri-jember-hadirkan-aplikasi-rizfarm-sebagai-solusi-cerdas-atasi-masalah-produktivitas-ayam-ras-petelur
ann_5e1896f82442,policy_grounding,2026-05-25,kompas_regional,surabaya,"Eks Kepala Gudang Cimory Diadili, Didakwa Edarkan Ratusan Karton Produk Kedaluwarsa Regional 25 Mei 2026",https://surabaya.kompas.com/read/2026/05/25/175445378/eks-kepala-gudang-cimory-diadili-didakwa-edarkan-ratusan-karton-produk
ann_b06d36d2faf2,disruption_only,2023-12-29,kompas_nasional,nasional,"Kampanye di Gresik, Cak Imin Janji Sediakan Pupuk, Pakan, dan Pasar untuk Para Petambak News 29 Desember 2023",https://nasional.kompas.com/read/2023/12/29/15480971/kampanye-di-gresik-cak-imin-janji-sediakan-pupuk-pakan-dan-pasar-untuk-para
ann_d557bf4c2d1a,response_disruption_pair,2025-07-04,beritajatim,,Bojonegoro Ambisi Geser Ngawi dari Posisi Lumbung Padi Jatim,https://beritajatim.com/bojonegoro-ambisi-geser-ngawi-dari-posisi-lumbung-padi-jatim
ann_580ff0093821,policy_grounding,2024-12-05,beritajatim,,"Persiapan Nataru, Perum BULOG Cabang Kediri Salurkan Bantuan Pangan",https://beritajatim.com/persiapan-nataru-perum-bulog-cabang-kediri-salurkan-bantuan-pangan
ann_a5a2724b0066,explicit_response_pair,2023-03-09,kontan,industri,Pupuk Indonesia Perluas Kapasitas Gudang Eksisting di 7 Lokasi,https://industri.kontan.co.id/news/pupuk-indonesia-perluas-kapasitas-gudang-eksisting-di-7-lokasi
ann_68eb4297b336,response_disruption_pair,2024-12-16,kompas_regional,surabaya,"Banjir Rendam Sejumlah Wilayah di Sidoarjo, Ketinggian Air di Wilayah Terparah 50 Sentimeter Regional 16 Desember 2024",https://surabaya.kompas.com/read/2024/12/16/152409778/banjir-rendam-sejumlah-wilayah-di-sidoarjo-ketinggian-air-di-wilayah
ann_66ce2834051e,explicit_response_pair,2024-02-27,kontan,pressrelease,Jagung Bioteknologi Pertama dengan Keunggulan Ganda di Indonesia Mulai Dipasarkan,https://pressrelease.kontan.co.id/news/jagung-bioteknologi-pertama-dengan-keunggulan-ganda-di-indonesia-mulai-dipasarkan
ann_610ae3eaeaaa,response_disruption_pair,2026-02-28,beritajatim,,"Bojonegoro Incar Takhta Produsen Padi Nomor 1 Nasional di 2028, Andalkan Benih “Amfibi” Gamagora 7",https://beritajatim.com/bojonegoro-incar-takhta-produsen-padi-nomor-1-nasional-di-2028-andalkan-benih-amfibi-gamagora-7
ann_423a1ecf1c21,response_only,2022-02-24,detik_food,food,"Kian Langka, Minyak Goreng Jadi Mahar hingga Bingkisan Ngapel Pacar",https://food.detik.com/info-kuliner/d-5957065/kian-langka-minyak-goreng-jadi-mahar-hingga-bingkisan-ngapel-pacar
ann_ad3a6b2c336f,policy_citation_control,2022-04-18,beritajatim,,Emak-emak Tersangka Pemilik Telur Busuk Beraksi 2 Kali di Mojokerto,https://beritajatim.com/emak-emak-tersangka-pemilik-telur-busuk-beraksi-2-kali-di-mojokerto
ann_bf122de827bb,response_disruption_pair,2024-04-04,kompas_nasional,nasional,"Saksi Ahli Prabowo-Gibran: Kalau Bansos Berpengaruh, Anies Tidak Bisa Menang lawan Ahok News 4 April 2024",https://nasional.kompas.com/read/2024/04/04/20341791/saksi-ahli-prabowo-gibran-kalau-bansos-berpengaruh-anies-tidak-bisa-menang
ann_e26fabf1a23f,hard_negative,2023-01-28,kompas_money,money,Pemkab Lamongan Salurkan BPJS Ketenagakerjaan kepada 8.000 Nelayan Money 28 Januari 2023,https://money.kompas.com/read/2023/01/28/220000326/pemkab-lamongan-salurkan-bpjs-ketenagakerjaan-kepada-8.000-nelayan
ann_b75a1d3c2312,explicit_response_pair,2023-02-23,kompas_nasional,nasional,Jokowi Minta Gubernur Jaga Stok Beras: Pastikan Betul Itu Cukup News 23 Februari 2023,https://nasional.kompas.com/read/2023/02/23/11161201/jokowi-minta-gubernur-jaga-stok-beras-pastikan-betul-itu-cukup
ann_1e348acf7d7f,response_only,2026-04-18,bisnis,ekonomi,"Produksi Gula Nasional Diproyeksikan Capai 3,04 Juta Ton pada 2026",https://ekonomi.bisnis.com/read/20260418/12/1967634/produksi-gula-nasional-diproyeksikan-capai-304-juta-ton-pada-2026
ann_c771a8e5e1b8,response_only,2023-03-11,kompas_nasional,nasional,Jokowi Minta Bulog Serap Gabah Petani Sebanyak-banyaknya News 11 Maret 2023,https://nasional.kompas.com/read/2023/03/11/15012261/jokowi-minta-bulog-serap-gabah-petani-sebanyak-banyaknya
ann_78f18dbc33dd,policy_citation_control,2026-05-22,kompas_money,money,Duduk Perkara Harga Telur Anjlok Drastis Money 22 Mei 2026,https://money.kompas.com/read/2026/05/22/090621126/duduk-perkara-harga-telur-anjlok-drastis
ann_8a44991244a4,response_only,2023-04-20,beritajatim,,Wali Kota Malang Pastikan Bantuan Pangan Tepat Sasaran,https://beritajatim.com/wali-kota-malang-pastikan-bantuan-pangan-tepat-sasaran
ann_e49a824c9d7a,response_only,2026-05-19,beritajatim,,"Jelang Iduladha 2026, Pemkot Probolinggo Pastikan Stok Beras Aman dan Harga Bahan Pokok Stabil",https://beritajatim.com/jelang-iduladha-2026-pemkot-probolinggo-pastikan-stok-beras-aman-dan-harga-bahan-pokok-stabil
ann_91d73cbb57d6,policy_citation_control,2024-08-13,kompas_regional,surabaya,"Timbun Solar Subsidi untuk Diecer, Warga Jember Ditangkap Regional 13 Agustus 2024",https://surabaya.kompas.com/read/2024/08/13/145311578/timbun-solar-subsidi-untuk-diecer-warga-jember-ditangkap
ann_daf7b994daae,policy_grounding,2022-09-08,beritajatim,,DKPP Kota Kediri Gelar Pembinaan Pengelolaan Cadangan Pangan ke Petani,https://beritajatim.com/dkpp-kota-kediri-gelar-pembinaan-pengelolaan-cadangan-pangan-ke-petani
ann_8c39da977f62,response_disruption_pair,2022-12-07,detik_finance,finance,PLN Jamin Pasokan Listrik di Wilayah Bencana Erupsi Semeru Aman,https://finance.detik.com/energi/d-6448970/pln-jamin-pasokan-listrik-di-wilayah-bencana-erupsi-semeru-aman
ann_924e8031a8e4,response_only,2025-07-18,kontan,industri,"Japfa Comfeed (JPFA) Perkuat Bisnis Telur dan Susu, Siap Ekspansi Ekspor ke Eropa",https://industri.kontan.co.id/news/japfa-comfeed-jpfa-perkuat-bisnis-telur-dan-susu-siap-ekspansi-ekspor-ke-eropa
ann_342ad42da2fa,explicit_response_pair,2024-02-13,kompas_nasional,nasional,"Atasi Kelangkaan Beras, Kementan Bakal Tingkatkan Produksi Lewat Percepat Tanam Padi News 13 Februari 2024",https://nasional.kompas.com/read/2024/02/13/14293411/atasi-kelangkaan-beras-kementan-bakal-tingkatkan-produksi-lewat-percepat
ann_7fcb78d7dc13,response_disruption_pair,2021-03-27,beritajatim,,"Cabai Mahal, Banyuwangi Memikat Hati Pemerintah Pusat",https://beritajatim.com/cabai-mahal-banyuwangi-memikat-hati-pemerintah-pusat
ann_964222991cda,explicit_response_pair,2022-07-21,bisnis,ekonomi,"Indonesia Ekspor Beras, Bulog: Bukan Hal yang Mustahil",https://ekonomi.bisnis.com/read/20220721/12/1557919/indonesia-ekspor-beras-bulog-bukan-hal-yang-mustahil
ann_56b6d548af40,response_disruption_pair,2021-03-06,detik_finance,finance,"Panen Raya, Bulog Diminta Maksimalkan Penyerapan Padi di Jateng",https://finance.detik.com/berita-ekonomi-bisnis/d-5483854/panen-raya-bulog-diminta-maksimalkan-penyerapan-padi-di-jateng
ann_f86e6e7b7ad9,policy_citation_control,2026-05-29,kompas_regional,surabaya,"Peran 2 Terdakwa Manipulasi Produk Kedaluwarsa: Pakai Tiner, Eks Kepala Gudang Cimory Terlibat Regional 29 Mei 2026",https://surabaya.kompas.com/read/2026/05/29/192213278/peran-2-terdakwa-manipulasi-produk-kedaluwarsa-pakai-tiner-eks-kepala
ann_77cc15484c13,hard_negative,2025-01-22,kompas_nasional,nasional,"Menteri ATR Benarkan Ada 3 SHGB Seluas 656,85 Hektar di Perairan Surabaya-Sidoarjo News 22 Januari 2025",https://nasional.kompas.com/read/2025/01/22/14574931/menteri-atr-benarkan-ada-3-shgb-seluas-65685-hektar-di-perairan-surabaya
ann_4f70e5e4d252,explicit_response_pair,2026-03-18,kompas_money,money,Bandeng Juwana Genjot Produksi Dua Kali Lipat Jelang Lebaran 2026 Money 18 Maret 2026,https://money.kompas.com/read/2026/03/18/123800126/bandeng-juwana-genjot-produksi-dua-kali-lipat-jelang-lebaran-2026
ann_5a5ab625a060,explicit_response_pair,2022-10-27,detik_news,news,"Di Universitas Hang Tuah, LaNyalla Bahas Ketahanan Pangan dari Sisi Maritim",https://news.detik.com/berita/d-6373547/di-universitas-hang-tuah-lanyalla-bahas-ketahanan-pangan-dari-sisi-maritim
ann_87a15ba5743b,hard_negative,2025-07-21,kontan,jelajahekonomi,Upaya Petani Tulungagung Beradaptasi dengan Inovasi Teknologi,https://jelajahekonomi.kontan.co.id/news/upaya-petani-tulungagung-beradaptasi-dengan-inovasi-teknologi
ann_3d3314dc1670,explicit_response_pair,2021-09-01,kompas_nasional,nasional,"BNPB: Jatim, Bali, NTT, dan NTB Siaga Hadapi Potensi Kekeringan News 1 September 2021",https://nasional.kompas.com/read/2021/09/01/13485961/bnpb-jatim-bali-ntt-dan-ntb-siaga-hadapi-potensi-kekeringan
ann_751731e1063f,explicit_response_pair,2024-01-04,kompas_money,money,Ombudsman Bantah Pupuk Subsidi di Gresik Langka Money 4 Januari 2024,https://money.kompas.com/read/2024/01/04/080239226/ombudsman-bantah-pupuk-subsidi-di-gresik-langka
ann_7fb98b1fb5d7,response_disruption_pair,2026-03-05,kompas_regional,regional,"Tanggul di Banyuwangi Kerap Jebol Saat Hujan Deras, BPBD Usut Penyebabnya Regional 5 Maret 2026",https://regional.kompas.com/read/2026/03/05/134820278/tanggul-di-banyuwangi-kerap-jebol-saat-hujan-deras-bpbd-usut-penyebabnya
ann_0b5b3e6c9588,policy_grounding,2025-06-30,bisnis,ekonomi,"Usai Harga Pokok Produksi, Bapanas Bakal Revisi Harga Acuan Ayam Hidup",https://ekonomi.bisnis.com/read/20250630/12/1889227/usai-harga-pokok-produksi-bapanas-bakal-revisi-harga-acuan-ayam-hidup
ann_01d55215fe18,policy_grounding,2026-04-16,beritajatim,,"Polda Jatim Bongkar Beras SPHP Oplosan, Isi Disunat Jadi 4,9 Kg per Karung",https://beritajatim.com/polda-jatim-bongkar-beras-sphp-oplosan-isi-disunat-jadi-49-kg-per-karung
ann_46fe6dcc5317,policy_citation_control,2022-04-18,kompas_regional,surabaya,Ibu Rumah Tangga Asal Jombang Jadi Tersangka Perdagangan Telur Busuk di Mojokerto Regional 18 April 2022,https://surabaya.kompas.com/read/2022/04/18/223127778/ibu-rumah-tangga-asal-jombang-jadi-tersangka-perdagangan-telur-busuk-di
ann_d25a6477d8ab,response_only,2024-02-11,detik_finance,finance,"Jelang Pemilu, Pertamina Jamin Stok BBM Bisa Penuhi Kebutuhan Warga",https://finance.detik.com/energi/d-7187972/jelang-pemilu-pertamina-jamin-stok-bbm-bisa-penuhi-kebutuhan-warga
ann_f8cb11ae6208,response_disruption_pair,2025-06-07,beritajatim,,"Petani Tewas Tersengat Listrik Jebakan Tikus, DTPHP Magetan Klaim Sering Beri Imbauan",https://beritajatim.com/petani-tewas-jebakan-tikus-listrik-magetan
ann_ccfb79c5cbda,explicit_response_pair,2022-11-07,kompas_nasional,nasional,"Sigap Atasi Banjir Bandang di Trenggalek, Kemensos Bangun 4 Lumbung Sosial News 7 November 2022",https://nasional.kompas.com/read/2022/11/07/10214431/sigap-atasi-banjir-bandang-di-trenggalek-kemensos-bangun-4-lumbung-sosial
ann_5e267f08c55c,policy_grounding,2025-07-23,beritajatim,,"Kena Penalti, Harmonisasi Perbup Cadangan Pangan Jember Cuma Lima Menit",https://beritajatim.com/kena-penalti-harmonisasi-perbup-cadangan-pangan-jember-cuma-lima-menit
ann_cb34ce83e89c,explicit_response_pair,2021-04-19,beritajatim,,Brantas Abipraya Salurkan Bantuan Bagi Korban Gempa Malang,https://beritajatim.com/brantas-abipraya-salurkan-bantuan-bagi-korban-gempa-malang
ann_245d6bf1d29c,response_disruption_pair,2024-06-04,kontan,regional,Kementan Sebut Inovasi CSA Ubah Penyuluhan Pertanian Jadi Lebih Menarik,https://regional.kontan.co.id/news/kementan-sebut-inovasi-csa-ubah-penyuluhan-pertanian-jadi-lebih-menarik
ann_a3f8bba94417,policy_citation_control,2025-02-28,beritajatim,,"Penyusutan Lahan Sawah di Malang Capai 6.977 Hektar, DPRD Soroti Lemahnya Pengawasan",https://beritajatim.com/penyusutan-lahan-sawah-di-malang-capai-6-977-hektar-dprd-soroti-lemahnya-pengawasan
ann_51d9b38dcb31,explicit_response_pair,2022-08-12,beritajatim,,"Gelar Community Meet Up di Lamongan, Jasa Tirta I Dukung Misi Ekspedisi Bengawan Solo 2022",https://beritajatim.com/gelar-community-meet-up-di-lamongan-jasa-tirta-i-dukung-misi-ekspedisi-bengawan-solo-2022
ann_d57c604d6027,policy_citation_control,2025-11-05,kontan,industri,Strategi KKP Memperluas Ekosistem Halal di Sektor Perikanan,https://industri.kontan.co.id/news/strategi-kkp-memperluas-ekosistem-halal-di-sektor-perikanan
ann_933b2956eab1,hard_negative,2021-07-09,detik_finance,finance,Mana UKM Jatim yang Ngaku Sulit Dapat Gula Rafinasi?,https://finance.detik.com/industri/d-5637858/mana-ukm-jatim-yang-ngaku-sulit-dapat-gula-rafinasi
ann_9b9184460d80,hard_negative,2023-02-03,beritajatim,,"Minyak Goreng Kita Langka di Kota Blitar, Minyak Curah Tembus 15 Ribu",https://beritajatim.com/minyak-goreng-kita-langka-di-kota-blitar-minyak-curah-tembus-15-ribu
ann_5be171c5c3ac,explicit_response_pair,2023-10-11,beritajatim,,"Beras Medium Tidak Banyak Beredar, Wali Kota Mojokerto Sidak",https://beritajatim.com/beras-medium-tidak-banyak-beredar-wali-kota-mojokerto-sidak
ann_bd0fe1b90b98,explicit_response_pair,2025-07-22,kontan,jelajahekonomi,Meniti Solusi Produksi Pertanian dengan Bantuan Agritek,https://jelajahekonomi.kontan.co.id/news/meniti-solusi-produksi-pertanian-dengan-bantuan-agritek
ann_7f60e26776ff,policy_grounding,2025-09-18,detik_finance,finance,"Harga Kedelai Lokal Anjlok, Pemerintah Turun Tangan",https://finance.detik.com/berita-ekonomi-bisnis/d-8119247/harga-kedelai-lokal-anjlok-pemerintah-turun-tangan
ann_90232a02ad2c,response_disruption_pair,2023-02-09,kompas_money,money,Kementan Fokus Tuntaskan Arahan Presiden Tanam 1 Juta Batang Kelapa Sesuai Target Money 9 Februari 2023,https://money.kompas.com/read/2023/02/09/173904326/kementan-fokus-tuntaskan-arahan-presiden-tanam-1-juta-batang-kelapa-sesuai
ann_df09d99922cb,explicit_response_pair,2022-07-28,beritajatim,,"Nestle Salurkan Bantuan Rp7,7 Miliar Untuk Atasi Wabah PMK di Pasuruan",https://beritajatim.com/nestle-salurkan-bantuan-rp77-miliar-untuk-atasi-wabah-pmk-di-pasuruan
ann_1cc3eaf85db9,explicit_response_pair,2023-01-10,kompas_money,money,Produksi WK Pangkah PGN Saka Lampaui Target APBN 2022 Money 10 Januari 2023,https://money.kompas.com/read/2023/01/10/150721026/produksi-wk-pangkah-pgn-saka-lampaui-target-apbn-2022
ann_05bdd9d40764,hard_negative,2024-06-19,kompas_money,money,"Gara-gara Infrastruktur Pipa Belum Tersambung, Jabar Kekurangan Pasokan Gas saat Jatim Kelebihan Money 19 Juni 2024",https://money.kompas.com/read/2024/06/19/143000626/gara-gara-infrastruktur-pipa-belum-tersambung-jabar-kekurangan-pasokan-gas
ann_e679995879e7,policy_citation_control,2022-08-04,kompas_money,money,Jurus Badan Pangan Nasional Bangun Tata Kelola Industri Gula Money 4 Agustus 2022,https://money.kompas.com/read/2022/08/04/183920926/jurus-badan-pangan-nasional-bangun-tata-kelola-industri-gula
ann_34358d4359c0,policy_grounding,2026-05-20,beritajatim,,"Wali Kota Vinanda Ajukan 3 Raperda Strategis, Fokus Jalan Kota hingga Ketahanan Pangan",https://beritajatim.com/wali-kota-vinanda-ajukan-3-raperda-strategis-fokus-jalan-kota-hingga-ketahanan-pangan
ann_6ddd6a0e3955,hard_negative,2022-03-18,kompas_regional,regional,"HET Dicabut, Harga Minyak Goreng Langsung Melejit, Stoknya Kini Melimpah Tak Lagi Gaib... Regional 18 Maret 2022",https://regional.kompas.com/read/2022/03/18/070559478/het-dicabut-harga-minyak-goreng-langsung-melejit-stoknya-kini-melimpah-tak
ann_80f03a639044,policy_grounding,2025-08-04,beritajatim,,Polisi Gerebek Pabrik Beras Oplosan agar Jadi Premium dan Wangi di Sidoarjo,https://beritajatim.com/polisi-gerebek-pabrik-beras-oplosan-agar-jadi-premium-dan-wangi-di-sidoarjo
ann_eee913e519d5,policy_grounding,2026-01-27,kompas_regional,surabaya,"Pasarkan Beras Oplosan, Pasutri di Surabaya Dituntut 2 Tahun Penjara Regional 27 Januari 2026",https://surabaya.kompas.com/read/2026/01/27/215514778/pasarkan-beras-oplosan-pasutri-di-surabaya-dituntut-2-tahun-penjara
ann_6851eefb50f0,hard_negative,2026-04-10,kontan,newssetup,Ini Faktor Utama yang Menyebabkan Harga Minyak Goreng Naik,https://newssetup.kontan.co.id/news/ini-faktor-utama-yang-menyebabkan-harga-minyak-goreng-naik
ann_d63ccb2c756d,response_disruption_pair,2026-01-03,kontan,nasional,"Pupuk Subdisi Disalurkan Sejak Awal Tahun 2026, Simak Cara Beli Pupuk Subsidi",https://nasional.kontan.co.id/news/pupuk-subdisi-disalurkan-sejak-awal-tahun-2026-simak-cara-beli-pupuk-subsidi
ann_0530d0b3e773,policy_citation_control,2026-04-16,beritajatim,,"Polres Lamongan Ungkap Kasus Penyalahgunaan BBM Bersubsidi, 2 Tersangka Diamankan",https://beritajatim.com/polres-lamongan-ungkap-kasus-penyalahgunaan-bbm-bersubsidi-2-tersangka-diamankan
ann_2209390d3b6c,response_only,2026-04-07,kompas_nasional,nasional,"Warga Jatim Antre Berjam-jam Beli LPG 3 Kg, Bahlil: Sudah Clear, Kita Operasi Pasar News 7 April 2026",https://nasional.kompas.com/read/2026/04/07/15144241/warga-jatim-antre-berjam-jam-beli-lpg-3-kg-bahlil-sudah-clear-kita-operasi
ann_d43cad624a9b,response_only,2021-11-30,kompas_nasional,nasional,"Selesai Resmikan Bendungan, Jokowi Ikut Tanam Padi Bareng Petani di Trenggalek News 30 November 2021",https://nasional.kompas.com/read/2021/11/30/16035431/selesai-resmikan-bendungan-jokowi-ikut-tanam-padi-bareng-petani-di
ann_f9a842c82e39,disruption_only,2024-08-02,kompas_regional,surabaya,"Ratusan Hektar Sawah di Lumajang Diserang Tikus, Pj Bupati Buka Suara Regional 2 Agustus 2024",https://surabaya.kompas.com/read/2024/08/02/213744878/ratusan-hektar-sawah-di-lumajang-diserang-tikus-pj-bupati-buka-suara
ann_ad19684e91d2,policy_citation_control,2025-03-06,kompas_nasional,nasional,Peran dan Modus 8 Tersangka Kasus Barcode BBM Subsidi di Tuban dan Karawang News 6 Maret 2025,https://nasional.kompas.com/read/2025/03/06/12353731/peran-dan-modus-8-tersangka-kasus-barcode-bbm-subsidi-di-tuban-dan-karawang
ann_7c47e167ab0b,explicit_response_pair,2025-01-20,kompas_regional,surabaya,"Hujan Deras, Sebuah Rumah di Situbondo Ambruk Regional 20 Januari 2025",https://surabaya.kompas.com/read/2025/01/20/145317478/hujan-deras-sebuah-rumah-di-situbondo-ambruk
ann_2fd915acff95,explicit_response_pair,2022-07-17,beritajatim,,"Pemkab Jember Gamang, Penanganan Wabah PMK Ternak Lamban",https://beritajatim.com/pemkab-jember-gamang-penanganan-wabah-pmk-ternak-lamban
ann_40e4ade46a2e,policy_grounding,2023-07-31,kontan,regional,BDSP Pacitan dan Kementan Tingkatkan Kapasitas Pendamping Petani Milenial Jatim,https://regional.kontan.co.id/news/bdsp-pacitan-dan-kementan-tingkatkan-kapasitas-pendamping-petani-milenial-jatim
ann_b4226f27cd3f,response_only,2023-07-24,detik_finance,finance,"LPG 3 Kg di Banyuwangi Langka, Begini Penjelasan Pertamina",https://finance.detik.com/energi/d-6839486/lpg-3-kg-di-banyuwangi-langka-begini-penjelasan-pertamina
ann_7eb34b881752,response_only,2022-08-25,detik_finance,finance,"Harga Telur Tembus di Atas Rp 30.000/Kg, Badan Pangan Lakukan Ini",https://finance.detik.com/berita-ekonomi-bisnis/d-6254704/harga-telur-tembus-di-atas-rp-30-000-kg-badan-pangan-lakukan-ini
ann_569514f855c2,hard_negative,2022-03-02,kompas_nasional,nasional,Puan Minta Pemerintah Gerak Cepat soal Kenaikan Harga Kebutuhan Pokok News 2 Maret 2022,https://nasional.kompas.com/read/2022/03/02/22320981/puan-minta-pemerintah-gerak-cepat-soal-kenaikan-harga-kebutuhan-pokok
ann_45c16e081951,policy_grounding,2023-04-16,detik_finance,finance,Mantap! 'THR' Daging dan Telur Sudah Cair,https://finance.detik.com/berita-ekonomi-bisnis/d-6675981/mantap-thr-daging-dan-telur-sudah-cair
ann_1960e66dd08a,policy_citation_control,2023-07-20,bisnis,ekonomi,"Laku Diekspor, Bapanas Dorong Hilirisasi Porang Dalam Negeri",https://ekonomi.bisnis.com/read/20230720/99/1676759/laku-diekspor-bapanas-dorong-hilirisasi-porang-dalam-negeri
ann_ab98af5de19c,explicit_response_pair,2021-11-04,kompas_money,money,"Hadapi Cuaca Ekstrem, Mentan Minta Kepala Daerah Persiapkan Stok Pangan untuk Kemarau Panjang Money 4 November 2021",https://money.kompas.com/read/2021/11/04/175254626/hadapi-cuaca-ekstrem-mentan-minta-kepala-daerah-persiapkan-stok-pangan-untuk
ann_a06944712e01,policy_grounding,2025-08-04,kompas_regional,surabaya,"Kasus Beras Oplosan di Sidoarjo, Polda Jatim Tetapkan 1 Tersangka Regional 4 Agustus 2025",https://surabaya.kompas.com/read/2025/08/04/130052078/kasus-beras-oplosan-di-sidoarjo-polda-jatim-tetapkan-1-tersangka
ann_1dade8275210,explicit_response_pair,2024-10-17,kompas_money,money,"Cuaca Ekstrem, Bulog Jamin Stok Pangan Aman Money 17 Oktober 2024",https://money.kompas.com/read/2024/10/17/141000326/cuaca-ekstrem-bulog-jamin-stok-pangan-aman
ann_f7082c416267,policy_citation_control,2026-04-17,beritajatim,,Polres Bondowoso Ringkus Dua Pengecer Ilegal BBM Bersubsidi,https://beritajatim.com/polres-bondowoso-ringkus-dua-pengecer-ilegal-bbm-bersubsidi
ann_9b02d55318f7,disruption_only,2022-03-17,kompas_nasional,nasional,"Soal Minyak Goreng Langka, Mendag: Ada yang Ambil Kesempatan dalam Kesempitan News 17 Maret 2022",https://nasional.kompas.com/read/2022/03/17/17240441/soal-minyak-goreng-langka-mendag-ada-yang-ambil-kesempatan-dalam-kesempitan
ann_577c7dce0f54,response_disruption_pair,2021-06-24,kompas_money,money,"Agar Tak Rugi Saat Gagal Panen, Mentan Ajak Petani Tulungagung Ikuti AUTP Money 24 Juni 2021",https://money.kompas.com/read/2021/06/24/172000426/agar-tak-rugi-saat-gagal-panen-mentan-ajak-petani-tulungagung-ikuti-autp
ann_741bc397b87a,policy_citation_control,2021-06-18,kompas_money,money,"Porang Jadi Komoditas Super Prioritas, Kementan Dorong Petani Mengembangkannya Money 18 Juni 2021",https://money.kompas.com/read/2021/06/18/201941326/porang-jadi-komoditas-super-prioritas-kementan-dorong-petani-mengembangkannya
ann_5f2f13f046e6,policy_citation_control,2024-10-17,kompas_nasional,nasional,"Polisi Gagalkan Penyelundupan 237.305 Benih Lobster Senilai Rp 23,6 Miliar News 17 Oktober 2024",https://nasional.kompas.com/read/2024/10/17/18512601/polisi-gagalkan-penyelundupan-237305-benih-lobster-senilai-rp-236-miliar
ann_b21cf5e8fd6a,hard_negative,2021-12-01,kompas_regional,regional,"Musim Hujan Tiba, Masyarakat Jatim Diminta Tanggap Hadapi Ancaman DBD dan Malaria Regional 1 Desember 2021",https://regional.kompas.com/read/2021/12/01/153640678/musim-hujan-tiba-masyarakat-jatim-diminta-tanggap-hadapi-ancaman-dbd-dan
ann_c258e4158eac,explicit_response_pair,2024-01-19,beritajatim,,Disbun Jatim Fokus Inovasi Genjot Produksi Perkebunan,https://beritajatim.com/disbun-jatim-fokus-inovasi-genjot-produksi-perkebunan
ann_bc5aa1b9979e,disruption_only,2024-09-29,kompas_money,money,"Dalam 2 Tahun, Pemprov Jatim Sudah Gelontorkan BTT Rp 52 Miliar untuk Perbaiki Infrastruktur Rusak Imbas Erupsi Semeru Money 29 September 2024",https://money.kompas.com/read/2024/09/29/210000926/dalam-2-tahun-pemprov-jatim-sudah-gelontorkan-btt-rp-52-miliar-untuk-perbaiki
ann_1224f825cb3a,response_disruption_pair,2024-01-26,beritajatim,,Atikoh Ganjar Doakan Petani Bawang Merah Probolinggo Sejahtera,https://beritajatim.com/atikoh-ganjar-doakan-petani-bawang-merah-probolinggo-sejahtera
ann_f6db3606d329,response_disruption_pair,2021-02-20,detik_news,news,"Sempat Terjebak Banjir Lahar Semeru, 10 Warga Lumajang Berhasil Dievakuasi",https://news.detik.com/berita-jawa-timur/d-5392950/sempat-terjebak-banjir-lahar-semeru-10-warga-lumajang-berhasil-dievakuasi
ann_63f2506c000a,disruption_only,2026-02-02,beritajatim,,"Hujan Disertai Angin Kencang, Atap Rumah Warga Kuniran Bojonegoro Ambruk",https://beritajatim.com/hujan-disertai-angin-kencang-atap-rumah-warga-kuniran-bojonegoro-ambruk
ann_578610165226,response_only,2025-08-02,kompas_nasional,nasional,"Ikuti PaDi UMKM Expo 2025, 7 UMKM Binaan Pertamina Catat Potensi Transaksi Rp 4,6 Miliar News 2 Agustus 2025",https://nasional.kompas.com/read/2025/08/02/14282321/ikuti-padi-umkm-expo-2025-7-umkm-binaan-pertamina-catat-potensi-transaksi-rp
ann_ccd87a0453c6,disruption_only,2024-02-26,kompas_nasional,nasional,"Stok Beras Bulog Melimpah, Mendag Zulhas Imbau Masyarakat Konsumsi Beras Bulog News 26 Februari 2024",https://nasional.kompas.com/read/2024/02/26/21220921/stok-beras-bulog-melimpah-mendag-zulhas-imbau-masyarakat-konsumsi-beras
ann_b9795f79195a,policy_citation_control,2025-08-04,kompas_regional,surabaya,"Modus Beras Oplosan Merek SPG di Sidoarjo, Dicampur Premium dan Cap Halal Palsu Regional 4 Agustus 2025",https://surabaya.kompas.com/read/2025/08/04/154618178/modus-beras-oplosan-merek-spg-di-sidoarjo-dicampur-premium-dan-cap-halal
ann_42bb5bcd1030,response_only,2024-10-17,kompas_nasional,nasional,"Monitoring Pembongkaran Kapal di Pelabuhan Tanjung Wangi, Direksi Bulog Percepat Bongkar Muat Beras News 17 Oktober 2024",https://nasional.kompas.com/read/2024/10/17/21014651/monitoring-pembongkaran-kapal-di-pelabuhan-tanjung-wangi-direksi-bulog
ann_8195fc6965e4,disruption_only,2021-06-02,detik_finance,finance,"Menperin Siap Buka-bukaan Aturan Impor Gula Rafinasi, Kapan?",https://finance.detik.com/industri/d-5591303/menperin-siap-buka-bukaan-aturan-impor-gula-rafinasi-kapan
ann_bcf79a87100c,explicit_response_pair,2021-11-06,kompas_regional,regional,Perintah Bupati Terkait Banjir Bandang di Lamongan Regional 6 November 2021,https://regional.kompas.com/read/2021/11/06/062054578/perintah-bupati-terkait-banjir-bandang-di-lamongan
ann_8250ce21b716,disruption_only,2022-01-07,beritajatim,,Ini yang Harus Diwaspadai Petani di Probolinggo Pada Puncak Musim Penghujan,https://beritajatim.com/ini-yang-harus-diwaspadai-petani-di-probolinggo-pada-puncak-musim-penghujan
ann_01de5dde810e,response_disruption_pair,2021-01-13,kompas_money,money,"Anggaran Bansos 2020 Tak Terealisasi 100 Persen, Risma: Kendalanya Data Tidak Lengkap Money 13 Januari 2021",https://money.kompas.com/read/2021/01/13/205424426/anggaran-bansos-2020-tak-terealisasi-100-persen-risma-kendalanya-data-tidak
ann_a8fada8b689c,policy_grounding,2023-03-31,kompas_money,money,Bansos Beras Mulai Disalurkan Bertahap Akhir Maret 2023 Money 31 Maret 2023,https://money.kompas.com/read/2023/03/31/151000426/bansos-beras-mulai-disalurkan-bertahap-akhir-maret-2023
ann_be912c1a585c,disruption_only,2026-04-21,kompas_regional,surabaya,"Petani Adukan Gagal Panen ke DPRD Jember, Diduga Tercemar Limbah TPA Regional 21 April 2026",https://surabaya.kompas.com/read/2026/04/21/092920978/petani-adukan-gagal-panen-ke-dprd-jember-diduga-tercemar-limbah-tpa
ann_efc4a2113904,hard_negative,2024-10-13,beritajatim,,Tim Odore Unair Bawa Inovasi Limbah Jagung dan Kopi di Pimnas 2024,https://beritajatim.com/tim-odore-unair-bawa-inovasi-limbah-jagung-dan-kopi-di-pimnas-2024
ann_ee82eced4d3b,policy_citation_control,2023-08-31,beritajatim,,Ada Mafia di Balik Anjloknya Harga Telur di Peternak Blitar?,https://beritajatim.com/ada-mafia-di-balik-anjloknya-harga-telur-di-peternak-blitar
ann_7af91de1212e,explicit_response_pair,2026-01-16,kompas_regional,surabaya,"2 Hari Terisolir Imbas Jalan Longsor, 40 KK di Pamekasan Mulai Sulit Peroleh Makanan Regional 16 Januari 2026",https://surabaya.kompas.com/read/2026/01/16/202926378/2-hari-terisolir-imbas-jalan-longsor-40-kk-di-pamekasan-mulai-sulit-peroleh
ann_d4594f452ce3,response_only,2023-05-10,kompas_regional,surabaya,"Warga Berdesak-desakan Saat Penyaluran BLT di Kantor Pos, Wali Kota Surabaya Minta Dialihkan ke 31 Kecamatan Regional 10 Mei 2023",https://surabaya.kompas.com/read/2023/05/10/185947478/warga-berdesak-desakan-saat-penyaluran-blt-di-kantor-pos-wali-kota-surabaya
ann_c6c07c4c5edb,policy_grounding,2023-04-11,kompas_money,money,ID Food Salurkan Bansos Pangan ke-4 Provinsi Mulai 15 April 2023 Money 11 April 2023,https://money.kompas.com/read/2023/04/11/204000826/id-food-salurkan-bansos-pangan-ke-4-provinsi-mulai-15-april-2023
ann_c6319a36d4f5,response_disruption_pair,2026-05-16,kompas_money,money,Prabowo Sebut Banyak Negara Mulai Cari Beras dari Indonesia Money 16 Mei 2026,https://money.kompas.com/read/2026/05/16/213845026/prabowo-sebut-banyak-negara-mulai-cari-beras-dari-indonesia
ann_8528cffb0bfe,explicit_response_pair,2021-07-29,beritajatim,,"Antisipasi Cuaca Buruk, Sumenep Dahulukan Distribusi Bansos Beras ke Kepulauan",https://beritajatim.com/antisipasi-cuaca-buruk-sumenep-dahulukan-distribusi-bansos-beras-ke-kepulauan
ann_7af4782d55ff,disruption_only,2023-10-20,beritajatim,,Pemkab Pasuruan Terima Dana BNPB untuk Atasi Kekeringan,https://beritajatim.com/pemkab-pasuruan-terima-dana-bnpb-untuk-atasi-kekeringan
ann_39812f606584,response_disruption_pair,2024-11-02,beritajatim,,Disperta Mojokerto Dorong Petani Tingkatkan Produktivitas,https://beritajatim.com/disperta-mojokerto-dorong-petani-tingkatkan-produktivitas
ann_c2b9be01c3d2,policy_citation_control,2023-11-20,beritajatim,,Harga Gula Pasir dan Cabai di Sumenep Bikin Meringis,https://beritajatim.com/harga-gula-pasir-dan-cabai-di-sumenep-bikin-meringis
ann_3671e54d9083,policy_grounding,2024-06-06,kompas_regional,surabaya,"Usaha Miras Ilegal di Malang Digerebek, Sekali Produksi Hasilkan 800 Liter Regional 6 Juni 2024",https://surabaya.kompas.com/read/2024/06/06/174252978/usaha-miras-ilegal-di-malang-digerebek-sekali-produksi-hasilkan-800-liter
ann_03617f79c5af,explicit_response_pair,2026-03-03,beritajatim,,"Inflasi Kota Kediri Februari 2026 Tembus 0,87 Persen, BPS dan TPID Siapkan Antisipasi Jelang Lebaran",https://beritajatim.com/inflasi-kota-kediri-februari-2026-tembus-087-persen-bps-dan-tpid-siapkan-antisipasi-jelang-lebaran
ann_6c6cbcddb7d5,hard_negative,2026-02-14,beritajatim,,"Pastikan Stok Sembako Aman di Bulan Ramadan, Bupati Sumenep Turun Langsung ke Pasar Tradisional",https://beritajatim.com/pastikan-stok-sembako-aman-di-bulan-ramadan-bupati-sumenep-turun-langsung-ke-pasar-tradisional
ann_53e3a9e0f651,explicit_response_pair,2026-04-05,bisnis,ekonomi,"Mitigasi Krisis Pangan, Pemerintah Didorong Segera Cari Sumber Impor Alternatif",https://ekonomi.bisnis.com/read/20260405/12/1964326/mitigasi-krisis-pangan-pemerintah-didorong-segera-cari-sumber-impor-alternatif
ann_cf036dc39715,policy_grounding,2025-01-15,kontan,industri,"Arahan Prabowo, Badan Pangan Nasional Mulai Kemandirian Pangan dari Desa",https://industri.kontan.co.id/news/arahan-prabowo-badan-pangan-nasional-mulai-kemandirian-pangan-dari-desa
ann_15c0683dce65,policy_citation_control,2024-03-27,beritajatim,,"Produksi Miras Ilegal, Kakek 61 Tahun di Malang Diciduk Polisi",https://beritajatim.com/produksi-miras-ilegal-kakek-61-tahun-di-malang-diciduk-polisi
ann_3bd3943ea0aa,response_only,2021-11-17,beritajatim,,Petani Tuban Dikenalkan Penyemprotan Pupuk Organik Cair dengan Drone,https://beritajatim.com/petani-tuban-dikenalkan-penyemprotan-pupuk-organik-cair-dengan-drone
ann_175d6a5dbc05,disruption_only,2025-07-15,beritajatim,,"Petani Ponorogo Usulkan Semprot Wereng Pakai Drone, Ini Kata Bupati",https://beritajatim.com/petani-ponorogo-usulkan-semprot-wereng-pakai-drone-ini-kata-bupati
ann_bd1ed8a8445f,policy_grounding,2024-06-20,beritajatim,,Plt Bupati H. Subandi Berencana Beli Beras Petani Sidoarjo,https://beritajatim.com/plt-bupati-h-subandi-berencana-beli-beras-petani-sidoarjo
ann_5ed56ccf0861,response_disruption_pair,2025-12-18,kompas_regional,regional,"Gubernur Mualem Ucapkan Terima Kasih Bantuan Kementan–Bapanas, Salah Satu Terbesar Diterima Aceh Regional 18 Desember 2025",https://regional.kompas.com/read/2025/12/18/224118478/gubernur-mualem-ucapkan-terima-kasih-bantuan-kementanbapanas-salah-satu
ann_cf105014d723,policy_citation_control,2023-08-12,kompas_money,money,Bapanas: Dibutuhkan Kolaborasi Pentahelix untuk Bisa Menciptakan Ketahanan Pangan Money 12 Agustus 2023,https://money.kompas.com/read/2023/08/12/161000826/bapanas--dibutuhkan-kolaborasi-pentahelix-untuk-bisa-menciptakan-ketahanan
ann_4ed8f3905f25,response_only,2026-02-28,detik_finance,finance,Pemerintah Janji Bantuan Beras dan Minyak Goreng Tidak Ditunda,https://finance.detik.com/berita-ekonomi-bisnis/d-8377584/pemerintah-janji-bantuan-beras-dan-minyak-goreng-tidak-ditunda
ann_7f1117054e6b,hard_negative,2021-09-23,detik_food,food,"Harga Telur Ayam Anjlok Rp 17.500 Sekilo, Sama dengan Harga Telur 8 Tahun Lalu",https://food.detik.com/info-kuliner/d-5736322/harga-telur-ayam-anjlok-rp-17-500-sekilo-sama-dengan-harga-telur-8-tahun-lalu
ann_76b0e0517053,response_disruption_pair,2021-07-08,kontan,industri,"Pasokan gula di Jatim disebut menurun, ini kata petani tebu",https://industri.kontan.co.id/news/pasokan-gula-di-jatim-disebut-menurun-ini-kata-petani-tebu
ann_19dd3dadf52a,response_disruption_pair,2023-07-24,kompas_nasional,nasional,"Antisipasi Dampak El Nino, Jokowi Perintahkan Perbanyak Pasar Murah News 24 Juli 2023",https://nasional.kompas.com/read/2023/07/24/21431881/antisipasi-dampak-el-nino-jokowi-perintahkan-perbanyak-pasar-murah
ann_e396197d7547,response_only,2023-04-13,kompas_money,money,Kemendag Klaim Harga Bawang Putih Sudah Turun Money 13 April 2023,https://money.kompas.com/read/2023/04/13/124000826/kemendag-klaim-harga-bawang-putih-sudah-turun
ann_24c597a80858,response_disruption_pair,2025-11-21,detik_finance,finance,Mendag Wanti-wanti Harga Ayam hingga Cabai Naik saat Nataru,https://finance.detik.com/berita-ekonomi-bisnis/d-8222291/mendag-wanti-wanti-harga-ayam-hingga-cabai-naik-saat-nataru
ann_49f1952d7df1,explicit_response_pair,2021-12-27,detik_finance,finance,"Harga Cabai Rawit dan Telur Melonjak, Pemprov Jatim Pakai Jurus Ini",https://finance.detik.com/berita-ekonomi-bisnis/d-5872986/harga-cabai-rawit-dan-telur-melonjak-pemprov-jatim-pakai-jurus-ini
ann_864d0f8ee64b,response_only,2021-07-02,kontan,industri,"Apotek K-24: Saat ini, kelangkaan terjadi terutama untuk vitamin",https://industri.kontan.co.id/news/apotek-k-24-saat-ini-kelangkaan-terjadi-terutama-untuk-vitamin
ann_c3f214c0b920,policy_grounding,2023-10-07,kontan,nasional,Harga Gula Naik Akibat Penyesuaian Harga Pokok Produksi,https://nasional.kontan.co.id/news/harga-gula-naik-akibat-penyesuaian-harga-pokok-produksi
ann_a6f555f21262,policy_citation_control,2024-06-19,kompas_regional,denpasar,"Korban Tewas Kebakaran Gudang Elpiji di Bali Jadi 16 Orang, 2 Kritis Regional 19 Juni 2024",https://denpasar.kompas.com/read/2024/06/19/075255578/korban-tewas-kebakaran-gudang-elpiji-di-bali-jadi-16-orang-2-kritis
ann_01007436f46c,response_disruption_pair,2024-07-23,kompas_money,money,Sistem Produksi Pangan di Simpang Jalan Money 23 Juli 2024,https://money.kompas.com/read/2024/07/23/134545326/sistem-produksi-pangan-di-simpang-jalan
ann_cc62e5faecea,explicit_response_pair,2025-01-12,kompas_regional,surabaya,"Malang Siapkan Anggaran Darurat Hadapi Wabah PMK, Vaksinasi Digencarkan Regional 12 Januari 2025",https://surabaya.kompas.com/read/2025/01/12/092007978/malang-siapkan-anggaran-darurat-hadapi-wabah-pmk-vaksinasi-digencarkan
ann_446610993ebe,response_only,2021-07-23,kompas_money,money,Pertamina Distribusikan 1.335 Ton Oksigen ke 206 Rumah Sakit Money 23 Juli 2021,https://money.kompas.com/read/2021/07/23/220126926/pertamina-distribusikan-1335-ton-oksigen-ke-206-rumah-sakit
ann_62dba88ad303,hard_negative,2021-12-23,beritajatim,,"Pemberdayaan Petani, BUMD Sumenep Serap 10 Ton Gabah Lokal",https://beritajatim.com/pemberdayaan-petani-bumd-sumenep-serap-10-ton-gabah-lokal
ann_378f7cee27c6,explicit_response_pair,2021-01-20,kompas_nasional,nasional,"Kunjungi Korban Banjir Jember, Risma Bantu Masak di Dapur Umum News 20 Januari 2021",https://nasional.kompas.com/read/2021/01/20/09164541/kunjungi-korban-banjir-jember-risma-bantu-masak-di-dapur-umum
ann_8ed60d174204,policy_grounding,2024-03-27,kontan,nasional,Bapanas Tegaskan Pedagang untuk Jual Beras SPHP Sesuai Aturan,https://nasional.kontan.co.id/news/bapanas-tegaskan-pedagang-untuk-jual-beras-sphp-sesuai-aturan
ann_cd1bd4a46b49,response_only,2026-03-17,kompas_regional,regional,"Gas 3 Kg Langka dan Mahal di Bojonegoro, Pertamina Angkat Bicara Regional 17 Maret 2026",https://regional.kompas.com/read/2026/03/17/155100278/gas-3-kg-langka-dan-mahal-di-bojonegoro-pertamina-angkat-bicara
ann_c05ee0548e2a,policy_grounding,2026-05-25,kompas_regional,surabaya,Daftar Produk Kedaluwarsa yang Dijual Murah Eks Kepala Gudang di Sidoarjo Regional 25 Mei 2026,https://surabaya.kompas.com/read/2026/05/25/230307278/daftar-produk-kedaluwarsa-yang-dijual-murah-eks-kepala-gudang-di-sidoarjo
ann_1d55cdd4ac16,disruption_only,2023-02-15,beritajatim,,"Dam Jebol, Tanaman Padi Petani di Mojokerto Terancam Gagal Panen",https://beritajatim.com/dam-jebol-tanaman-padi-petani-di-mojokerto-terancam-gagal-panen
ann_9e271d98056a,disruption_only,2021-02-07,detik_food,food,Harga Anjlok! 5 Petani Ini Buang Sayuran hingga Buah Naga ke Sungai,https://food.detik.com/info-kuliner/d-5364262/harga-anjlok-5-petani-ini-buang-sayuran-hingga-buah-naga-ke-sungai
ann_b141506184ce,response_disruption_pair,2024-03-29,kompas_regional,surabaya,Dinkes Kota Batu Temukan 2 Jajanan Takjil Diduga Mengandung Boraks Regional 29 Maret 2024,https://surabaya.kompas.com/read/2024/03/29/153856778/dinkes-kota-batu-temukan-2-jajanan-takjil-diduga-mengandung-boraks
ann_e9f872e43818,hard_negative,2022-12-29,beritajatim,,"Imbas Cuaca Buruk, Bupati Lamongan Salurkan Beras 3 Ton ke Nelayan",https://beritajatim.com/imbas-cuaca-buruk-bupati-lamongan-salurkan-beras-3-ton-ke-nelayan
ann_f0aa0fff29a6,response_only,2023-02-13,kontan,nasional,Kemendag Bakal Menindaklanjuti Temuan KPPU Soal MinyaKita,https://nasional.kontan.co.id/news/kemendag-bakal-menindaklanjuti-temuan-kppu-soal-minyakita
ann_d336eecac9e1,response_disruption_pair,2026-04-12,detik_finance,finance,"Jaga Pasokan, Kapal Pertamina Salurkan LPG ke Sulawesi dan Jawa Timur",https://finance.detik.com/energi/d-8441041/jaga-pasokan-kapal-pertamina-salurkan-lpg-ke-sulawesi-dan-jawa-timur
ann_290a6533fb90,policy_grounding,2023-02-13,kontan,industri,"Harga Ayam Ras di Tingkat Produsen di Bawah HAP, Ini Permintaan Peternak",https://industri.kontan.co.id/news/harga-ayam-ras-di-tingkat-produsen-di-bawah-hap-ini-permintaan-peternak
ann_3509f2a4d6a8,explicit_response_pair,2025-03-06,kompas_money,money,"Permen Terbit, Freeport Dapat Izin Ekspor Konsentrat hingga Juni 2025 Money 6 Maret 2025",https://money.kompas.com/read/2025/03/06/192326226/permen-terbit-freeport-dapat-izin-ekspor-konsentrat-hingga-juni-2025
ann_6a322d1b8019,explicit_response_pair,2023-08-27,kontan,industri,Pupuk Indonesia Produksi Pupuk NPK Petro Ningrat untuk Petani Tembakau,https://industri.kontan.co.id/news/pupuk-indonesia-produksi-pupuk-npk-petro-ningrat-untuk-petani-tembakau
ann_f452174b7dd6,explicit_response_pair,2021-10-16,kontan,industri,"Jelang Hari Pangan Sedunia, PPI lakukan panen raya lewat Agro Solution",https://industri.kontan.co.id/news/jelang-hari-pangan-sedunia-ppi-lakukan-panen-raya-lewat-agro-solution
ann_49ece00b835a,policy_grounding,2023-09-18,kontan,nasional,Peternak Ayam Keluhkan Harga Telur Jatuh Tapi Pakan Mahal,https://nasional.kontan.co.id/news/peternak-ayam-keluhkan-harga-telur-jatuh-tapi-pakan-mahal
ann_54ca8d84d51d,explicit_response_pair,2024-12-16,kompas_regional,surabaya,"Sepekan Banjir di Sidoarjo, Tanggul Darurat Jadi Solusi Sementara Regional 16 Desember 2024",https://surabaya.kompas.com/read/2024/12/16/193444978/sepekan-banjir-di-sidoarjo-tanggul-darurat-jadi-solusi-sementara
ann_c4b9e1dae8e1,response_disruption_pair,2021-12-07,beritajatim,,Polres Lamongan Kirim Bantuan Bagi Korban Erupsi Semeru Lumajang,https://beritajatim.com/polres-lamongan-kirim-bantuan-bagi-korban-erupsi-semeru-lumajang
ann_3e3efba48505,disruption_only,2023-09-12,kontan,industri,Syngenta Ajak 11.500 Petani Melek Digital dan Tingkatkan Produksi Tanaman,https://industri.kontan.co.id/news/syngenta-ajak-11500-petani-melek-digital-dan-tingkatkan-produksi-tanaman
ann_4fcbbd47abc5,disruption_only,2025-11-10,kompas_nasional,nasional,Operasi Drainase Besar-besaran! Pemkot Surabaya Gempur Titik Rawan Banjir Jelang Puncak Musim Hujan News 10 November 2025,https://nasional.kompas.com/read/2025/11/10/17303451/operasi-drainase-besar-besaran-pemkot-surabaya-gempur-titik-rawan-banjir
ann_8c098ea51bb7,explicit_response_pair,2025-07-29,kompas_nasional,nasional,"BBM Langka di Jember, Anggota DPR Minta Pertamina Gerak Cepat News 29 Juli 2025",https://nasional.kompas.com/read/2025/07/29/22183681/bbm-langka-di-jember-anggota-dpr-minta-pertamina-gerak-cepat
ann_0a83877926d8,response_only,2022-04-20,kompas_nasional,nasional,"Jokowi: Meski Ada BLT, Saya Ingin Harga Minyak Goreng Dekati Normal News 20 April 2022",https://nasional.kompas.com/read/2022/04/20/14204471/jokowi-meski-ada-blt-saya-ingin-harga-minyak-goreng-dekati-normal
ann_91e301213b4c,response_only,2024-03-15,bisnis,ekonomi,"Menteri Trenggono Umumkan 7 Lokasi Pengelolaan Hasil Sedimentasi, Keran Ekspor Pasir Laut Resmi Dibuka?",https://ekonomi.bisnis.com/read/20240315/9/1749780/menteri-trenggono-umumkan-7-lokasi-pengelolaan-hasil-sedimentasi-keran-ekspor-pasir-laut-resmi-dibuka
ann_aa7ea8c81058,explicit_response_pair,2025-12-20,beritajatim,,"Ditlantas Polda Jatim Batasi Operasional Angkutan Barang, Ini Jadwalnya",https://beritajatim.com/ditlantas-polda-jatim-batasi-operasional-angkutan-barang-ini-jadwalnya
ann_118d30b891b9,hard_negative,2025-03-14,kompas_regional,surabaya,"Hati-hati Minyak Goreng Premium Palsu di Malang, Ini Cara Membedakannya Regional 14 Maret 2025",https://surabaya.kompas.com/read/2025/03/14/172614478/hati-hati-minyak-goreng-premium-palsu-di-malang-ini-cara-membedakannya
ann_0e349bb7c15b,hard_negative,2026-05-04,kompas_money,money,"Produksi Jagung Maret 2026 Turun 14 Persen, Bagaimana Prospeknya? Money 4 Mei 2026",https://money.kompas.com/read/2026/05/04/135500926/produksi-jagung-maret-2026-turun-14-persen-bagaimana-prospeknya-
ann_bc552db7cbec,policy_citation_control,2025-03-06,kompas_nasional,nasional,"Kasus Barcode BBM Subsidi, Polisi Sita 16.400 Liter Solar Ilegal News 6 Maret 2025",https://nasional.kompas.com/read/2025/03/06/12532641/kasus-barcode-bbm-subsidi-polisi-sita-16400-liter-solar-ilegal
ann_e8b0b36e0e88,policy_grounding,2021-03-17,kompas_money,money,Alasan Petani Tolak Impor Beras: Harga Gabah Murah dan Sulit Laku Money 17 Maret 2021,https://money.kompas.com/read/2021/03/17/094141526/alasan-petani-tolak-impor-beras-harga-gabah-murah-dan-sulit-laku
ann_5583fd75a38a,response_only,2024-02-13,kompas_regional,surabaya,"Beras Mahal, Pemkot Madiun Dirikan Enam Wartek Jual Sembako Murah Regional 13 Februari 2024",https://surabaya.kompas.com/read/2024/02/13/115029978/beras-mahal-pemkot-madiun-dirikan-enam-wartek-jual-sembako-murah
ann_16ff068bf9b4,explicit_response_pair,2023-02-02,kompas_regional,surabaya,"Sebut Data Stok Beras Tidak Sesuai Fakta, Djarot: Bilangnya Surplus, tapi... Regional 2 Februari 2023",https://surabaya.kompas.com/read/2023/02/02/200707678/sebut-data-stok-beras-tidak-sesuai-fakta-djarot-bilangnya-surplus-tapi
ann_65383b92e8c6,policy_citation_control,2022-04-22,kompas_regional,regional,"Jual Telur Busuk Seberat 2,4 Ton, Perempuan Asal Jombang Jadi Tersangka, Ini Ceritanya Regional 22 April 2022",https://regional.kompas.com/read/2022/04/22/093300078/jual-telur-busuk-seberat-2-4-ton-perempuan-asal-jombang-jadi-tersangka-ini
ann_47595395b6b4,response_disruption_pair,2023-06-23,kompas_money,money,"Pastikan Ketersediaan Benih Unggul Berkualitas, Ditjenbun Awasi Progres Nurseri Perkebunan Money 23 Juni 2023",https://money.kompas.com/read/2023/06/23/120031826/pastikan-ketersediaan-benih-unggul-berkualitas-ditjenbun-awasi-progres-nurseri
ann_8495d0b14874,explicit_response_pair,2025-04-12,beritajatim,,Polres Sumenep Cek Stok Pupuk Bersubsidi di Kios Pengecer,https://beritajatim.com/polres-sumenep-cek-stok-pupuk-bersubsidi-di-kios-pengecer
ann_55a9c5e1a503,response_only,2025-10-01,kompas_money,money,Shell dan BP-AKR Keluhkan Tambahan Kuota Impor BBM Hanya 10 Persen Money 1 Oktober 2025,https://money.kompas.com/read/2025/10/01/214905026/shell-dan-bp-akr-keluhkan-tambahan-kuota-impor-bbm-hanya-10-persen
ann_e6ab00ac8ee5,policy_grounding,2022-10-27,kontan,nasional,Pemerintah Siapkan Jaminan Kredit untuk Pengadaan Cadangan Pangan,https://nasional.kontan.co.id/news/pemerintah-siapkan-jaminan-kredit-untuk-pengadaan-cadangan-pangan
ann_6ef89755fccd,hard_negative,2023-06-26,kontan,industri,Cerestar (TRGU) Tingkatkan Kapasitas Produksi 600 MT Per Hari di Pabrik Gresik,https://industri.kontan.co.id/news/cerestar-trgu-tingkatkan-kapasitas-produksi-600-mt-per-hari-di-pabrik-gresik
ann_afb96dc90d46,policy_grounding,2023-10-07,kompas_money,money,Ini Salah Satu Biang Kerok Harga Gula Naik Beberapa Hari Terakhir Money 7 Oktober 2023,https://money.kompas.com/read/2023/10/07/001600626/ini-salah-satu-biang-kerok-harga-gula-naik-beberapa-hari-terakhir
ann_bc08823d0b1f,policy_grounding,2023-05-29,kontan,nasional,Badan Pangan Fasilitasi Distribusi Komoditas Pangan ke Wilayah Defisit,https://nasional.kontan.co.id/news/badan-pangan-fasilitasi-distribusi-komoditas-pangan-ke-wilayah-defisit
ann_c29a46770220,disruption_only,2022-12-07,kontan,keuangan,Indonesia Eximbank Dorong Penguatan Ekspor Lewat Desa Devisa Klaster Udang,https://keuangan.kontan.co.id/news/indonesia-eximbank-dorong-penguatan-ekspor-lewat-desa-devisa-klaster-udang
ann_20266dac9ac0,policy_citation_control,2023-08-28,kompas_regional,regional,"Modus Baru Penyalahgunaan Solar Bersubsidi, Bapak dan Anak Asal Banjarnegara Ini Beli ""Barcode"" dari Para Sopir Regional 28 Agustus 2023",https://regional.kompas.com/read/2023/08/28/140540778/modus-baru-penyalahgunaan-solar-bersubsidi-bapak-dan-anak-asal-banjarnegara
ann_bf7b1951b7ab,explicit_response_pair,2026-03-06,kompas_nasional,nasional,"Gibran Pimpin Rakor Penanganan Banjir di Tuban, Perintahkan Fasilitas Umum Segera Dipulihkan News 6 Maret 2026",https://nasional.kompas.com/read/2026/03/06/14525011/gibran-pimpin-rakor-penanganan-banjir-di-tuban-perintahkan-fasilitas-umum
ann_5d57bcb01d35,hard_negative,2025-08-25,kompas_money,money,"Cerita Ibu-ibu Cari Beras: Kehabisan Stok Beras di Ritel, ke Warung tapi Harga Mahal dan Kualitas Mengecewakan Money 25 Agustus 2025",https://money.kompas.com/read/2025/08/25/074701026/cerita-ibu-ibu-cari-beras-kehabisan-stok-beras-di-ritel-ke-warung-tapi-harga
ann_a013ac3bcdd1,response_only,2022-02-19,kompas_money,money,Mendag Dapat Keluhan Pedagang: Harga Minyak Goreng Tidak Masuk Akal Money 19 Februari 2022,https://money.kompas.com/read/2022/02/19/104452726/mendag-dapat-keluhan-pedagang-harga-minyak-goreng-tidak-masuk-akal
ann_6881585cf441,hard_negative,2025-07-15,beritajatim,,"Tingkatkan Produksi Tebu, Mas Dhito Bakal Kawal Kebutuhan Pupuk Petani Kediri",https://beritajatim.com/tingkatkan-produksi-tebu-mas-dhito-bakal-kawal-kebutuhan-pupuk-petani-kediri
ann_abc60677dbcf,disruption_only,2022-07-31,detik_finance,finance,Wilmar Targetkan Kemitraan Lahan Padi 1.000 Ha di Medan-Palembang,https://finance.detik.com/berita-ekonomi-bisnis/d-6208884/wilmar-targetkan-kemitraan-lahan-padi-1-000-ha-di-medan-palembang
ann_56d72c692990,response_only,2021-07-14,kompas_regional,regional,"Stok Obat Menipis, Plt Bupati Nganjuk: Setiap Hari Kita Juga Deg-degan gara-gara Oksigen Regional 14 Juli 2021",https://regional.kompas.com/read/2021/07/14/172408578/stok-obat-menipis-plt-bupati-nganjuk-setiap-hari-kita-juga-deg-degan-gara
ann_d229adb67849,disruption_only,2024-12-25,detik_news,news,BRIN Apresiasi Pemkot Semarang dan PGN Cetak Sawah 20 Hektare di Pesisir,https://news.detik.com/berita/d-7703943/brin-apresiasi-pemkot-semarang-dan-pgn-cetak-sawah-20-hektare-di-pesisir
ann_211d44e65899,hard_negative,2022-02-17,kontan,pressrelease,"Semen Gresik Fasilitasi 361 Petani Sanggem untuk Menggarap Lahan Seluas 119,25 hektar",https://pressrelease.kontan.co.id/news/semen-gresik-fasilitasi-361-petani-sanggem-untuk-menggarap-lahan-seluas-11925-hektar
ann_2781c68375c8,policy_citation_control,2024-03-25,kompas_regional,surabaya,"Produksi Miras Ilegal, Dua Orang Saudara Sepupu di Malang Diamankan Polisi Regional 25 Maret 2024",https://surabaya.kompas.com/read/2024/03/25/154320778/produksi-miras-ilegal-dua-orang-saudara-sepupu-di-malang-diamankan-polisi
ann_fc5465db6242,response_disruption_pair,2022-10-01,bisnis,ekonomi,"Ditahan Sebulan, Kementan Lepas 1.619 Ton Produk Impor Hortikultura",https://ekonomi.bisnis.com/read/20221001/12/1583198/ditahan-sebulan-kementan-lepas-1619-ton-produk-impor-hortikultura
ann_092421e063aa,hard_negative,2023-10-29,kompas_regional,surabaya,"Ketahuan Hendak Curi 4 Karung Beras, Pencuri di Kota Malang Malah Tantang Pemilik Toko Untuk Carok Regional 29 Oktober 2023",https://surabaya.kompas.com/read/2023/10/29/152610478/ketahuan-hendak-curi-4-karung-beras-pencuri-di-kota-malang-malah-tantang
ann_aaf8d4da97fa,disruption_only,2022-06-28,kompas_regional,surabaya,"Cuaca Ekstrem, Perahu Nelayan Muncar Banyuwangi Tenggelam Dihantam Gelombang Regional 28 Juni 2022",https://surabaya.kompas.com/read/2022/06/28/151720778/cuaca-ekstrem-perahu-nelayan-muncar-banyuwangi-tenggelam-dihantam-gelombang
ann_a41db3c86535,disruption_only,2023-11-08,kompas_money,money,"Kurangi Pestisida, Petani di Tuban Didorong Pakai Kompos Limbah Organik Money 8 November 2023",https://money.kompas.com/read/2023/11/08/182607826/kurangi-pestisida-petani-di-tuban-didorong-pakai-kompos-limbah-organik
ann_0ff7adb4c624,hard_negative,2024-12-22,kontan,momsmoney,"Dukung Anak Bebas Stunting, Alfamidi Salurkan 32.000 Telur",https://momsmoney.kontan.co.id/news/dukung-anak-bebas-stunting-alfamidi-salurkan-32000-telur
ann_b7b7916921e5,policy_grounding,2023-01-05,kompas_money,money,Bapanas: Harga Cabai dan Telur Ayam Berangsur Turun Money 5 Januari 2023,https://money.kompas.com/read/2023/01/05/194611326/bapanas-harga-cabai-dan-telur-ayam-berangsur-turun
ann_5f64c7d4550c,disruption_only,2024-01-29,beritajatim,,Satpolairud Situbondo: Waspada Cuaca Ekstrem di Selat Madura,https://beritajatim.com/satpolairud-situbondo-waspada-cuaca-ekstrem-di-selat-madura
ann_2ad55f74470f,response_only,2026-02-24,kompas_money,money,Pupuk Subsidi untuk Tambak Kembali Dialokasikan Tahun Ini Money 24 Februari 2026,https://money.kompas.com/read/2026/02/24/090000426/pupuk-subsidi-untuk-tambak-kembali-dialokasikan-tahun-ini
ann_d0e8c526f925,explicit_response_pair,2023-05-27,beritajatim,,Khofifah dan Mak Rini Panen Padi Biosaka di Kabupaten Blitar,https://beritajatim.com/khofifah-dan-mak-rini-panen-padi-biosaka-di-kabupaten-blitar
ann_483632b5f4a0,response_disruption_pair,2023-07-10,kontan,nasional,"Perkuat CPP, Peraturan Penghitungan Cadang Pangan Daerah Ditargetkan Diundangkan Juli",https://nasional.kontan.co.id/news/perkuat-cpp-peraturan-penghitungan-cadang-pangan-daerah-ditargetkan-diundangkan-juli
ann_a8d1e499b017,response_disruption_pair,2022-05-24,kompas_regional,surabaya,"Wabah PMK di Lumajang Meluas, Bupati Pertimbangkan Tutup Pasar Hewan Regional 24 Mei 2022",https://surabaya.kompas.com/read/2022/05/24/194952878/wabah-pmk-di-lumajang-meluas-bupati-pertimbangkan-tutup-pasar-hewan
ann_d321d608c13f,explicit_response_pair,2023-02-22,kompas_regional,regional,Pengungsi Warga Kismantoro-Wonogiri Terdampak Banjir Lumpur Pacitan Dipulangkan Regional 22 Februari 2023,https://regional.kompas.com/read/2023/02/22/091619578/pengungsi-warga-kismantoro-wonogiri-terdampak-banjir-lumpur-pacitan
ann_2da8a83600ff,explicit_response_pair,2023-08-01,detik_news,news,"Antisipasi Dampak El Nino, Pemprov DKI Bagi-bagi Benih Tanaman Cepat Panen",https://news.detik.com/berita/d-6853935/antisipasi-dampak-el-nino-pemprov-dki-bagi-bagi-benih-tanaman-cepat-panen
ann_8cf8da2316cf,policy_citation_control,2023-08-03,kompas_regional,surabaya,Kejari Blitar Dampingi Perhutani Tertibkan 11.610 Hektare Lahan yang Diduga Diserobot Regional 3 Agustus 2023,https://surabaya.kompas.com/read/2023/08/03/222044278/kejari-blitar-dampingi-perhutani-tertibkan-11610-hektare-lahan-yang-diduga
ann_fbd9dc9a62dc,policy_citation_control,2023-09-18,kompas_money,money,"Peternak Ayam Mengadu ke DPR, Keluhkan Harga Telur Jatuh tetapi Pakan Mahal Money 18 September 2023",https://money.kompas.com/read/2023/09/18/152600326/peternak-ayam-mengadu-ke-dpr-keluhkan-harga-telur-jatuh-tetapi-pakan-mahal
ann_8f9de0816ba9,hard_negative,2026-04-23,beritajatim,,"Dorong Kemandirian Pangan, Pemkot Mojokerto Gencarkan Gerakan Tanam Cabai",https://beritajatim.com/dorong-kemandirian-pangan-pemkot-mojokerto-gencarkan-gerakan-tanam-cabai
ann_52bc84c03c36,response_disruption_pair,2022-03-09,detik_news,news,Wagub Ungkap DKI Bakal Rutin Dapat Stok Minyak Goreng: Tak Usah Khawatir,https://news.detik.com/berita/d-5976081/wagub-ungkap-dki-bakal-rutin-dapat-stok-minyak-goreng-tak-usah-khawatir
ann_12855d4dceb6,policy_grounding,2023-07-21,kontan,nasional,"Fluktuasi Harga Telur dan Ayam, BPN: Jadi Bentuk Kesetimbangan Baru",https://nasional.kontan.co.id/news/fluktuasi-harga-telur-dan-ayam-bpn-jadi-bentuk-kesetimbangan-baru
ann_ffe581560553,policy_citation_control,2024-01-14,kompas_money,money,"Tingkatkan Perlindungan Konsumen, Kemendag Awasi Barang Sesuai K3L Money 14 Januari 2024",https://money.kompas.com/read/2024/01/14/181600826/tingkatkan-perlindungan-konsumen-kemendag-awasi-barang-sesuai-k3l
ann_332d8940286f,response_disruption_pair,2021-04-12,kompas_nasional,nasional,Mensos Risma Beri Santunan Rp 120 Juta untuk 8 Ahli Waris Korban Gempa Malang News 12 April 2021,https://nasional.kompas.com/read/2021/04/12/11101771/mensos-risma-beri-santunan-rp-120-juta-untuk-8-ahli-waris-korban-gempa
ann_88f1251c70db,explicit_response_pair,2024-04-16,beritajatim,,Industri Tepung Terigu Nasional Terpukul Permendag 36/2023,https://beritajatim.com/industri-tepung-terigu-nasional-terpukul-permendag-36-2023
ann_e4c469ada7c5,hard_negative,2023-09-23,detik_finance,finance,"Panen Hadiah Simpedes, Dua Nasabah BRI di Gresik Dapat Mobil",https://finance.detik.com/berita-ekonomi-bisnis/d-6947338/panen-hadiah-simpedes-dua-nasabah-bri-di-gresik-dapat-mobil
ann_c52b28d4e1bc,response_only,2025-01-22,kompas_regional,regional,"Stok Vaksin PMK Gratis di Lumajang Terbatas, Peternak Diminta Vaksinasi Mandiri Regional 22 Januari 2025",https://regional.kompas.com/read/2025/01/22/213252878/stok-vaksin-pmk-gratis-di-lumajang-terbatas-peternak-diminta-vaksinasi
ann_4beefea376c2,policy_citation_control,2023-06-05,kontan,nasional,Badan Pangan: Regulasi Harga Acuan Gula Sudah Diajukan Ke Presiden Jokowi,https://nasional.kontan.co.id/news/badan-pangan-regulasi-harga-acuan-gula-sudah-diajukan-ke-presiden-jokowi
ann_8df308b7947e,policy_grounding,2024-02-06,kompas_money,money,"Tekan Harga Jagung Pakan Ternak, Bulog Sudah Gelontorkan 121 Juta Kilogram Jagung SPHP Money 6 Februari 2024",https://money.kompas.com/read/2024/02/06/200000426/tekan-harga-jagung-pakan-ternak-bulog-sudah-gelontorkan-121-juta-kilogram
ann_61820ebdbb25,disruption_only,2021-04-12,detik_news,news,Bupati Trenggalek Tetapkan Darurat Bencana Gempa,https://news.detik.com/berita-jawa-timur/d-5530091/bupati-trenggalek-tetapkan-darurat-bencana-gempa
ann_ded1d081c9a9,response_only,2024-04-24,kompas_money,money,"Penuhi Kebutuhan Gula, Pabrik BUMN Ini Siap Giling Tebu Petani Money 24 April 2024",https://money.kompas.com/read/2024/04/24/194200226/penuhi-kebutuhan-gula-pabrik-bumn-ini-siap-giling-tebu-petani
ann_78c2b60fcc2d,policy_citation_control,2022-10-14,kompas_regional,surabaya,"Cadangan Beras Pemerintah Tinggal 63,3 Persen, Bapanas Dorong Bulog Tingkatkan Stok Regional 14 Oktober 2022",https://surabaya.kompas.com/read/2022/10/14/145156078/cadangan-beras-pemerintah-tinggal-633-persen-bapanas-dorong-bulog
ann_955ef97a3c33,disruption_only,2021-12-20,beritajatim,,"4.124 Hektare Tambak di Lamongan Terendam Banjir, Kerugian Rp 19 M",https://beritajatim.com/4-124-hektare-tambak-di-lamongan-terendam-banjir-kerugian-rp-19-m
ann_79e880d4aa7f,response_disruption_pair,2025-05-24,kompas_nasional,nasional,Gibran Beri Bantuan Saat Tanam Padi Bersama Petani di Ngawi News 24 Mei 2025,https://nasional.kompas.com/read/2025/05/24/16054961/gibran-beri-bantuan-saat-tanam-padi-bersama-petani-di-ngawi
ann_04853c464290,disruption_only,2024-06-19,kontan,industri,SKK Migas Ungkap Wilayah Jawa Barat Kekurangan Pasokan Gas untuk Industri,https://industri.kontan.co.id/news/skk-migas-ungkap-wilayah-jawa-barat-kekurangan-pasokan-gas-untuk-industri
ann_fea3e5519baa,policy_citation_control,2024-03-27,kompas_money,money,Pelaku Penimbunan Bahan Pokok Bisa Dipenjara 6 Tahun Money 27 Maret 2024,https://money.kompas.com/read/2024/03/27/151000326/pelaku-penimbunan-bahan-pokok-bisa-dipenjara-6-tahun
ann_dac78d27efe7,response_only,2025-07-21,beritajatim,,Kapolsek Sukorejo Pastikan Tak Ada Beras Oplosan di Ponorogo,https://beritajatim.com/kapolsek-sukorejo-pastikan-tak-ada-beras-oplosan-di-ponorogo
ann_0a8ee5070768,disruption_only,2025-07-30,kompas_regional,surabaya,"Pemkab Lumajang Siapkan 127 Paket Sembako untuk Warga Sumberlangsep yang Terisolir, Besok Diantar Regional 30 Juli 2025",https://surabaya.kompas.com/read/2025/07/30/223220878/pemkab-lumajang-siapkan-127-paket-sembako-untuk-warga-sumberlangsep-yang
