actor_id	label
40 isolated households	40 isolated households
44 evacuees and landslide volunteers	44 evacuees and landslide volunteers
ACT Kediri	ACT Kediri
AGRI	AGRI
Adira Finance	Adira Finance
Adulterated-rice sellers	Adulterated-rice sellers
Agricultural Quarantine Agency	Agricultural Quarantine Agency
Agricultural Quarantine Agency; Ministry of Agriculture	Agricultural Quarantine Agency; Ministry of Agriculture
Agung Supriyo Wibowo	Agung Supriyo Wibowo
Alfamidi	Alfamidi
Andik Winarko, rice farmer	Andik Winarko, rice farmer
Asuransi Jasindo	Asuransi Jasindo
Asuransi Jasindo; Government of Indonesia	Asuransi Jasindo; Government of Indonesia
Attorney General's Office of Indonesia	Attorney General's Office of Indonesia
BAZNAS	BAZNAS
BKP Kementerian Pertanian	BKP Kementerian Pertanian
BMKG	BMKG
BMKG Klas I Juanda	BMKG Klas I Juanda
BMKG and BBWS Bengawan Solo	BMKG and BBWS Bengawan Solo
BMKG, BBWS Bengawan Solo and Pemkab Lamongan	BMKG, BBWS Bengawan Solo and Pemkab Lamongan
BNI and porang farmers in Madiun	BNI and porang farmers in Madiun
BNI; Ministry of State-Owned Enterprises	BNI; Ministry of State-Owned Enterprises
BNPB	BNPB
BNPB / central government	BNPB / central government
BPBD Banyuwangi	BPBD Banyuwangi
BPBD Bondowoso	BPBD Bondowoso
BPBD Gresik	BPBD Gresik
BPBD Jawa Timur	BPBD Jawa Timur
BPBD Jember	BPBD Jember
BPBD Jember and partners	BPBD Jember and partners
BPBD Kabupaten Banyuwangi	BPBD Kabupaten Banyuwangi
BPBD Kabupaten Bondowoso	BPBD Kabupaten Bondowoso
BPBD Kabupaten Jember	BPBD Kabupaten Jember
BPBD Kabupaten Lumajang	BPBD Kabupaten Lumajang
BPBD Kabupaten Pasuruan	BPBD Kabupaten Pasuruan
BPBD Kota Malang	BPBD Kota Malang
BPBD Pamekasan	BPBD Pamekasan
BPBD Provinsi Jawa Timur	BPBD Provinsi Jawa Timur
BPOM Jember	BPOM Jember
BPPSDMP	BPPSDMP
BPS	BPS
BPS Jawa Timur	BPS Jawa Timur
BSIP Jawa Timur and Kabupaten Lamongan	BSIP Jawa Timur and Kabupaten Lamongan
BUMDes Rukun Jaya Makmur Desa Kemiri	BUMDes Rukun Jaya Makmur Desa Kemiri
BUMN	BUMN
BUMN Pangan ID FOOD dan PTPN Holding Perkebunan	BUMN Pangan ID FOOD dan PTPN Holding Perkebunan
Badan Karantina Pertanian	Badan Karantina Pertanian
Badan Pangan Nasional	Badan Pangan Nasional
Badan Pangan Nasional (Bapanas)	Badan Pangan Nasional (Bapanas)
Badan Penanggulangan Bencana Daerah (BPBD) Gresik	Badan Penanggulangan Bencana Daerah (BPBD) Gresik
Badan Penanggulangan Bencana Daerah (BPBD) Kabupaten Lumajang	Badan Penanggulangan Bencana Daerah (BPBD) Kabupaten Lumajang
Badan Penanggulangan Bencana Daerah (BPBD) Pamekasan	Badan Penanggulangan Bencana Daerah (BPBD) Pamekasan
Badan Penanggulangan Bencana Daerah (BPBD) Provinsi Jatim	Badan Penanggulangan Bencana Daerah (BPBD) Provinsi Jatim
Badrul Mutarom	Badrul Mutarom
Baguna PDI Perjuangan	Baguna PDI Perjuangan
Banjir	Banjir
Bank Indonesia and regional governments	Bank Indonesia and regional governments
Bank Mandiri	Bank Mandiri
Banyuwangi BPBD	Banyuwangi BPBD
Banyuwangi Police	Banyuwangi Police
Bapanas	Bapanas
Bapanas and local government in Lamongan	Bapanas and local government in Lamongan
Bapanas; Blitar City Government	Bapanas; Blitar City Government
Bapanas; Bulog	Bapanas; Bulog
Bapanas; Bulog East Java	Bapanas; Bulog East Java
Bapanas; Bulog; Food Task Force; regional TPIDs	Bapanas; Bulog; Food Task Force; regional TPIDs
Bapanas; Bulog; Malang City Government	Bapanas; Bulog; Malang City Government
Bapanas; Bulog; Ministry of Social Affairs; regional governments	Bapanas; Bulog; Ministry of Social Affairs; regional governments
Bapanas; Bulog; state-owned food enterprises	Bapanas; Bulog; state-owned food enterprises
Bapanas; ID FOOD; Pos Indonesia	Bapanas; ID FOOD; Pos Indonesia
Bapanas; Ministry of Trade	Bapanas; Ministry of Trade
Bapanas; Ministry of Transportation; Pelni	Bapanas; Ministry of Transportation; Pelni
Bapanas; Pasuruan Regency Government	Bapanas; Pasuruan Regency Government
Bapanas; poultry associations	Bapanas; poultry associations
Bapanas; production centers	Bapanas; production centers
Bapanas; regional food-security offices	Bapanas; regional food-security offices
Bapanas; regional governments; private businesses; associations	Bapanas; regional governments; private businesses; associations
Bapanas; state-owned food enterprises	Bapanas; state-owned food enterprises
Bapanas; village food-reserve managers	Bapanas; village food-reserve managers
Bareskrim; Customs; Indonesian Navy	Bareskrim; Customs; Indonesian Navy
Batu Health Office; health centers; Surabaya Food and Drug Authority	Batu Health Office; health centers; Surabaya Food and Drug Authority
Beef traders and consumers	Beef traders and consumers
Blitar Prosecutor's Office; Perhutani KPH Blitar	Blitar Prosecutor's Office; Perhutani KPH Blitar
Bojonegoro BPBD	Bojonegoro BPBD
Bojonegoro Regency Government; Gadjah Mada University	Bojonegoro Regency Government; Gadjah Mada University
Brantas Abipraya	Brantas Abipraya
Brimob Polda Jawa Timur	Brimob Polda Jawa Timur
Bulog	Bulog
Bulog Jember	Bulog Jember
Bulog Kediri	Bulog Kediri
Bulog Sub Divre IV Madiun	Bulog Sub Divre IV Madiun
Bulog and local rice farmers	Bulog and local rice farmers
Bulog and poultry farmers	Bulog and poultry farmers
Bupati Banyuwangi	Bupati Banyuwangi
Bupati Banyuwangi / local government	Bupati Banyuwangi / local government
Bupati Gresik Fandi Akhmad Yani (Gus Yani)	Bupati Gresik Fandi Akhmad Yani (Gus Yani)
Bupati Kediri / Pemkab Kediri	Bupati Kediri / Pemkab Kediri
Bupati Kediri Hanindhito Himawan Pramono	Bupati Kediri Hanindhito Himawan Pramono
Bupati Lamongan and BPBD Lamongan	Bupati Lamongan and BPBD Lamongan
Bupati Sidoarjo	Bupati Sidoarjo
Business Competition Supervisory Commission	Business Competition Supervisory Commission
CV Putra Ramayana rice warehouse	CV Putra Ramayana rice warehouse
CV Sumber Pangan Group	CV Sumber Pangan Group
CV Sumber Pangan rice warehouse	CV Sumber Pangan rice warehouse
Camat Balongpanggang M Amri	Camat Balongpanggang M Amri
Camat Karang Pilang	Camat Karang Pilang
Cattle farmers	Cattle farmers
Cattle farmers and livestock	Cattle farmers and livestock
Cattle farmers and veterinary services	Cattle farmers and veterinary services
Cattle suppliers and beef traders	Cattle suppliers and beef traders
Central government; Lumajang veterinary services	Central government; Lumajang veterinary services
Cerestar Indonesia	Cerestar Indonesia
Chicken and egg farmers	Chicken and egg farmers
Chili farmers	Chili farmers
Chili markets	Chili markets
Chili producers	Chili producers
Chili producers and distributors	Chili producers and distributors
Chili traders and consumers	Chili traders and consumers
Chili traders and farmers	Chili traders and farmers
Cooking-oil consumers and retailers	Cooking-oil consumers and retailers
Cooking-oil consumers and traders	Cooking-oil consumers and traders
Cooking-oil retailers and consumers	Cooking-oil retailers and consumers
Cooking-oil traders	Cooking-oil traders
Cooking-oil traders and consumers	Cooking-oil traders and consumers
Corn producers	Corn producers
Counterfeit cooking-oil producers	Counterfeit cooking-oil producers
Counterfeit rice packager	Counterfeit rice packager
DK-P2P Kabupaten Tuban	DK-P2P Kabupaten Tuban
DKPP Kabupaten Lamongan	DKPP Kabupaten Lamongan
DKPP Kabupaten Sumenep	DKPP Kabupaten Sumenep
DKPP Kota Kediri	DKPP Kota Kediri
DKPP Lamongan	DKPP Lamongan
DNR Corporation	DNR Corporation
DPC HNSI and Dinas Perikanan Lamongan	DPC HNSI and Dinas Perikanan Lamongan
DPD Partai Gerindra Jawa Timur	DPD Partai Gerindra Jawa Timur
DPKH Kabupaten Malang	DPKH Kabupaten Malang
DPRD Jawa Timur	DPRD Jawa Timur
DPRD Surabaya	DPRD Surabaya
DPUTR Gresik and local residents	DPUTR Gresik and local residents
Dairy and beef farmers	Dairy and beef farmers
Damis	Damis
Dharma Wanita Persatuan Kabupaten Lamongan	Dharma Wanita Persatuan Kabupaten Lamongan
Dinas Ketahanan Pangan dan Pertanian Kabupaten Pasuruan	Dinas Ketahanan Pangan dan Pertanian Kabupaten Pasuruan
Dinas PUPR Kabupaten Magetan and local communities	Dinas PUPR Kabupaten Magetan and local communities
Dinas Pertanian Gresik and PENS	Dinas Pertanian Gresik and PENS
Dinas Pertanian Kabupaten Lamongan and farmers	Dinas Pertanian Kabupaten Lamongan and farmers
Dinas Pertanian dan Ketahanan Pangan Provinsi Jawa Timur	Dinas Pertanian dan Ketahanan Pangan Provinsi Jawa Timur
Dinas Pertanian dan Pangan Banyuwangi	Dinas Pertanian dan Pangan Banyuwangi
Dinas Pertanian dan Pangan Kabupaten Banyuwangi	Dinas Pertanian dan Pangan Kabupaten Banyuwangi
Dinas Pertanian dan Perkebunan Kabupaten Kediri	Dinas Pertanian dan Perkebunan Kabupaten Kediri
Dinas Peternakan Kabupaten Pasuruan	Dinas Peternakan Kabupaten Pasuruan
Dinas Peternakan dan Kesehatan Hewan Kabupaten Pasuruan	Dinas Peternakan dan Kesehatan Hewan Kabupaten Pasuruan
Dinas SDABK Kabupaten Lamongan	Dinas SDABK Kabupaten Lamongan
Dinas Sosial Gresik	Dinas Sosial Gresik
Dinas Sosial Jember	Dinas Sosial Jember
Dinas Tanaman Pangan Holtikultura dan Perkebunan Kabupaten Jember	Dinas Tanaman Pangan Holtikultura dan Perkebunan Kabupaten Jember
Dinsos Jawa Timur	Dinsos Jawa Timur
Dishub Jatim	Dishub Jatim
Dishub Provinsi Jawa Timur	Dishub Provinsi Jawa Timur
Disperindag Kabupaten Lamongan and Komisi B DPRD Lamongan	Disperindag Kabupaten Lamongan and Komisi B DPRD Lamongan
Dispertahankan Kabupaten Ponorogo	Dispertahankan Kabupaten Ponorogo
Dispertahankan Ponorogo	Dispertahankan Ponorogo
Dispertan Banyuwangi	Dispertan Banyuwangi
Dragon-fruit farmers	Dragon-fruit farmers
Durian farmers	Durian farmers
Earthquake-affected residents	Earthquake-affected residents
East Java	East Java
East Java Food Task Force; East Java Police	East Java Food Task Force; East Java Police
East Java Plantation Service	East Java Plantation Service
East Java Plantation Service; district and city plantation offices	East Java Plantation Service; district and city plantation offices
East Java Police	East Java Police
East Java Police Food Task Force	East Java Police Food Task Force
East Java Police Traffic Directorate; Ministry of Transportation; National Police; Ministry of Public Works	East Java Police Traffic Directorate; Ministry of Transportation; National Police; Ministry of Public Works
East Java Police; East Java Trade and Industry Office	East Java Police; East Java Trade and Industry Office
East Java Police; Sidoarjo Police	East Java Police; Sidoarjo Police
East Java Provincial Government	East Java Provincial Government
East Java Provincial Government; Bapanas	East Java Provincial Government; Bapanas
East Java Provincial Government; Ministry of Agriculture	East Java Provincial Government; Ministry of Agriculture
East Java Provincial Government; district governments	East Java Provincial Government; district governments
East Java residents	East Java residents
Eden Collection Facility (ECF)	Eden Collection Facility (ECF)
Effendi	Effendi
Egg consumers and producers	Egg consumers and producers
El Nino	El Nino
El Nino Godzilla	El Nino Godzilla
Farmers	Farmers
Fish-pond farmers	Fish-pond farmers
Fishers	Fishers
Flash-flood-affected residents	Flash-flood-affected residents
Flood-affected communities	Flood-affected communities
Flood-affected residents	Flood-affected residents
Food and beverage SMEs	Food and beverage SMEs
Food and beverage businesses	Food and beverage businesses
Food-crop farmers	Food-crop farmers
Forkas Jatim	Forkas Jatim
Former warehouse manager and product resellers	Former warehouse manager and product resellers
Former warehouse manager and resellers	Former warehouse manager and resellers
Forum Zakat Jawa Timur	Forum Zakat Jawa Timur
Gandi Purnama	Gandi Purnama
Gapoktan Lumintu	Gapoktan Lumintu
Garlic consumers and markets	Garlic consumers and markets
Government assistance recipients	Government assistance recipients
Government food-assistance programme / Banyuwangi authorities	Government food-assistance programme / Banyuwangi authorities
Government of Indonesia	Government of Indonesia
Government of Indonesia; Bapanas; Bulog	Government of Indonesia; Bapanas; Bulog
Government of Indonesia; ID FOOD; PT SGN	Government of Indonesia; ID FOOD; PT SGN
Government of Indonesia; Malang local government	Government of Indonesia; Malang local government
Government of Indonesia; Ministry of Agriculture	Government of Indonesia; Ministry of Agriculture
Government of Indonesia; Ministry of Marine Affairs and Fisheries	Government of Indonesia; Ministry of Marine Affairs and Fisheries
Government of Indonesia; Ministry of Public Works; Ministry of Agriculture	Government of Indonesia; Ministry of Public Works; Ministry of Agriculture
Government of Indonesia; Ministry of Trade	Government of Indonesia; Ministry of Trade
Government of Indonesia; RNI	Government of Indonesia; RNI
Government of Indonesia; postal offices; local administrative offices	Government of Indonesia; postal offices; local administrative offices
Greenfields	Greenfields
Gubernur Jawa Timur	Gubernur Jawa Timur
Gubernur Jawa Timur Khofifah Indar Parawansa	Gubernur Jawa Timur Khofifah Indar Parawansa
Gubernur Jawa Timur, Khofifah Indar Parawansa	Gubernur Jawa Timur, Khofifah Indar Parawansa
Gubernur Khofifah	Gubernur Khofifah
Gunung Semeru	Gunung Semeru
HIPMI Jawa Timur	HIPMI Jawa Timur
Horticultural importers	Horticultural importers
ID FOOD	ID FOOD
ID FOOD; Ministry of Finance	ID FOOD; Ministry of Finance
ID FOOD; PT Berdikari; PT Rajawali Nusindo; PT Pos	ID FOOD; PT Berdikari; PT Rajawali Nusindo; PT Pos
IPEBI and sub-BMPD Kediri–Madiun	IPEBI and sub-BMPD Kediri–Madiun
Ibas and local organizers in Ngawi	Ibas and local organizers in Ngawi
Illegal alcohol producer	Illegal alcohol producer
Illegal lobster-seed network	Illegal lobster-seed network
Independent egg farmers	Independent egg farmers
Indonesia Eximbank; shrimp farmer groups	Indonesia Eximbank; shrimp farmer groups
Ipuk Fiestiandani	Ipuk Fiestiandani
Japfa; Greenfields	Japfa; Greenfields
Jasindo agricultural insurance programme	Jasindo agricultural insurance programme
Jember Food Task Force; Jember TPID	Jember Food Task Force; Jember TPID
Jember Regency Government	Jember Regency Government
Jember Regency Government; Bulog Jember	Jember Regency Government; Bulog Jember
Jember Regency Government; East Java Regional Office of the Ministry of Law	Jember Regency Government; East Java Regional Office of the Ministry of Law
KAN Jabung	KAN Jabung
KMP Gili Iyang / food-cargo shippers	KMP Gili Iyang / food-cargo shippers
Kabupaten Aceh dan Kabupaten di Jawa Timur	Kabupaten Aceh dan Kabupaten di Jawa Timur
Kabupaten Blitar	Kabupaten Blitar
Kabupaten Lamongan	Kabupaten Lamongan
Kabupaten Sidoarjo	Kabupaten Sidoarjo
Kadin Jawa Timur	Kadin Jawa Timur
Kali Lamong	Kali Lamong
Kanada	Kanada
Kapolres Tuban	Kapolres Tuban
Kapolresta Sidoarjo	Kapolresta Sidoarjo
Kapolri Jenderal Listyo Sigit Prabowo	Kapolri Jenderal Listyo Sigit Prabowo
Kediri City Government	Kediri City Government
Kediri City Trade and Industry Office	Kediri City Trade and Industry Office
Kediri DKPP	Kediri DKPP
Kediri Health Office; East Java Health Office	Kediri Health Office; East Java Health Office
Kediri Regency Government; Ministry of Agriculture	Kediri Regency Government; Ministry of Agriculture
Kediri TPID; Mayor of Kediri	Kediri TPID; Mayor of Kediri
Kediri food market	Kediri food market
Kemensos	Kemensos
Kementan	Kementan
Kementerian Dalam Negeri	Kementerian Dalam Negeri
Kementerian Perdagangan	Kementerian Perdagangan
Kementerian Perdagangan (Kemendag)	Kementerian Perdagangan (Kemendag)
Kementerian Pertanian	Kementerian Pertanian
Kementerian Pertanian (Kementan)	Kementerian Pertanian (Kementan)
Kementerian Pertanian / Ditjen Perkebunan	Kementerian Pertanian / Ditjen Perkebunan
Kementerian Pertanian / Ditjenbun	Kementerian Pertanian / Ditjenbun
Kementerian Pertanian / Wamentan and farmers in Lamongan	Kementerian Pertanian / Wamentan and farmers in Lamongan
Kementerian Pertanian and BPWS	Kementerian Pertanian and BPWS
Kementerian Pertanian and Pemerintah Provinsi Jawa Timur	Kementerian Pertanian and Pemerintah Provinsi Jawa Timur
Kementerian Pertanian and Pemkab Banyuwangi	Kementerian Pertanian and Pemkab Banyuwangi
Kementerian Pertanian and Pemkab Ponorogo	Kementerian Pertanian and Pemkab Ponorogo
Kementerian Pertanian and local stakeholders	Kementerian Pertanian and local stakeholders
Kementerian Sosial	Kementerian Sosial
Kementerian Sosial (Kemensos) RI	Kementerian Sosial (Kemensos) RI
Kementerian Sosial / Tagana	Kementerian Sosial / Tagana
Kementerian Sosial RI (Kemensos)	Kementerian Sosial RI (Kemensos)
Kementrian Pertanian	Kementrian Pertanian
Kerbau	Kerbau
Kodam V/Brawijaya	Kodam V/Brawijaya
Komisi B DPRD Lamongan	Komisi B DPRD Lamongan
Komunitas VW Surabaya Sidoarjo	Komunitas VW Surabaya Sidoarjo
Koramil 0811/12 Bancar, Dinas Pertanian and local farmers	Koramil 0811/12 Bancar, Dinas Pertanian and local farmers
Korban kebakaran	Korban kebakaran
LPPM Universitas Jember	LPPM Universitas Jember
Lamongan DKPP; Lamongan Regency Government	Lamongan DKPP; Lamongan Regency Government
Lamongan Police	Lamongan Police
Lamongan Regency Government	Lamongan Regency Government
Lamongan Regency Government; BPJS Employment	Lamongan Regency Government; BPJS Employment
Laying-hen farmers	Laying-hen farmers
Laying-hen farmers and egg markets	Laying-hen farmers and egg markets
Livestock farmers	Livestock farmers
Lumajang Regency Government	Lumajang Regency Government
Madiun City Government	Madiun City Government
Madruji and Pak Samad	Madruji and Pak Samad
Magetan DTPHP; local communities	Magetan DTPHP; local communities
Magetan Police	Magetan Police
Malang City Police Food Task Force	Malang City Police Food Task Force
Malang DTPHP	Malang DTPHP
Malang Police	Malang Police
Marine fishers and traders	Marine fishers and traders
Market Tambahrejo traders and consumers	Market Tambahrejo traders and consumers
Mayor of Mojokerto; Mojokerto City Government	Mayor of Mojokerto; Mojokerto City Government
Menko Pangan	Menko Pangan
Menteri Kelautan dan Perikanan	Menteri Kelautan dan Perikanan
Menteri Koordinator Bidang Pangan Zulkifli Hasan	Menteri Koordinator Bidang Pangan Zulkifli Hasan
Menteri Perdagangan (Mendag) Zulkifli Hasan	Menteri Perdagangan (Mendag) Zulkifli Hasan
Menteri Pertanian (Mentan) Andi Amran Sulaiman	Menteri Pertanian (Mentan) Andi Amran Sulaiman
Milkfish-pond farmers	Milkfish-pond farmers
Milkindo Farm	Milkindo Farm
Ministry of Agriculture	Ministry of Agriculture
Ministry of Agriculture and East Java local governments	Ministry of Agriculture and East Java local governments
Ministry of Agriculture veterinary teams	Ministry of Agriculture veterinary teams
Ministry of Agriculture; Banyuwangi Regency Government	Ministry of Agriculture; Banyuwangi Regency Government
Ministry of Agriculture; Bapanas; Food Task Force	Ministry of Agriculture; Bapanas; Food Task Force
Ministry of Agriculture; Jombang Regency Government	Ministry of Agriculture; Jombang Regency Government
Ministry of Agriculture; Ministry of Trade; Ministry of State-Owned Enterprises; Bulog	Ministry of Agriculture; Ministry of Trade; Ministry of State-Owned Enterprises; Bulog
Ministry of Agriculture; Polbangtan Malang; Pacitan DKPP	Ministry of Agriculture; Polbangtan Malang; Pacitan DKPP
Ministry of Agriculture; SIMURP	Ministry of Agriculture; SIMURP
Ministry of Agriculture; regional governments	Ministry of Agriculture; regional governments
Ministry of Health	Ministry of Health
Ministry of Home Affairs; regional governments	Ministry of Home Affairs; regional governments
Ministry of Industry; Arwana Citramulia	Ministry of Industry; Arwana Citramulia
Ministry of Marine Affairs and Fisheries	Ministry of Marine Affairs and Fisheries
Ministry of Marine Affairs and Fisheries; BPJPH	Ministry of Marine Affairs and Fisheries; BPJPH
Ministry of Social Affairs	Ministry of Social Affairs
Ministry of Social Affairs; Bulog	Ministry of Social Affairs; Bulog
Ministry of Social Affairs; Tagana	Ministry of Social Affairs; Tagana
Ministry of Trade	Ministry of Trade
Ministry of Trade; Surabaya City Government	Ministry of Trade; Surabaya City Government
Ministry of Trade; cooking-oil producers	Ministry of Trade; cooking-oil producers
Minyakita	Minyakita
Minyakita consumers and retailers	Minyakita consumers and retailers
Mojokerto BPBD; Mojokerto Public Works Office	Mojokerto BPBD; Mojokerto Public Works Office
Mojokerto City DKPP	Mojokerto City DKPP
Mojokerto City Government	Mojokerto City Government
Mojokerto City Police	Mojokerto City Police
Mukadis and local rice farmers	Mukadis and local rice farmers
National Police Food Task Force	National Police Food Task Force
Nature	Nature
Nestle; Ministry of Cooperatives and SMEs	Nestle; Ministry of Cooperatives and SMEs
Ngawi Police Food Task Force; local agencies; Bulog Madiun	Ngawi Police Food Task Force; local agencies; Bulog Madiun
Nur Fadilah	Nur Fadilah
Nusantara Power, community partners and farmers in Desa Binor	Nusantara Power, community partners and farmers in Desa Binor
Onion importer and distributor	Onion importer and distributor
Otoritas Jasa Keuangan (OJK) dan Industri Jasa Keuangan (IJK)	Otoritas Jasa Keuangan (OJK) dan Industri Jasa Keuangan (IJK)
PD RPH Kota Surabaya	PD RPH Kota Surabaya
PD RPH Surabaya	PD RPH Surabaya
PD RPH Surya Surabaya	PD RPH Surya Surabaya
PD Sumekar; Sumenep Regency Government	PD Sumekar; Sumenep Regency Government
PDI Perjuangan Jawa Timur	PDI Perjuangan Jawa Timur
PKS Jatim	PKS Jatim
PLN	PLN
PLN and farmers in Desa Betet, Nganjuk	PLN and farmers in Desa Betet, Nganjuk
PMK	PMK
PMO Kopi Nusantara and coffee farmers in Ijen	PMO Kopi Nusantara and coffee farmers in Ijen
PT Daikin Airconditioning Indonesia (Daikin)	PT Daikin Airconditioning Indonesia (Daikin)
PT Dharma Lautan Utama	PT Dharma Lautan Utama
PT Dwi Jaya Ekaprima	PT Dwi Jaya Ekaprima
PT Pelayaran Nasional Indonesia (Pelni)	PT Pelayaran Nasional Indonesia (Pelni)
PT Perikanan Indonesia and fishermen in Brondong	PT Perikanan Indonesia and fishermen in Brondong
PT Pertamina Patra Niaga Regional Jatimbalinus	PT Pertamina Patra Niaga Regional Jatimbalinus
PT Pertani, BNI and Kementerian Pertanian	PT Pertani, BNI and Kementerian Pertanian
PT Petrokimia Gresik	PT Petrokimia Gresik
PT Petrokimia Gresik and Kodam V Brawijaya	PT Petrokimia Gresik and Kodam V Brawijaya
PT Pupuk Indonesia	PT Pupuk Indonesia
PT Pupuk Indonesia and farmers in Lamongan	PT Pupuk Indonesia and farmers in Lamongan
PT Pupuk Kalimantan Timur (Pupuk Kaltim/PKT)	PT Pupuk Kalimantan Timur (Pupuk Kaltim/PKT)
PT Satoria Agro Industri Pasuruan	PT Satoria Agro Industri Pasuruan
PT Wilmar Chemical Indonesia	PT Wilmar Chemical Indonesia
PTPN X	PTPN X
Pasar Rakyat Kota Malang	Pasar Rakyat Kota Malang
Pasar Tradisional	Pasar Tradisional
Pasuruan City Trade and Industry Office	Pasuruan City Trade and Industry Office
Pasuruan Regency Government; BRIN	Pasuruan Regency Government; BRIN
Pedagang	Pedagang
Pelindo III	Pelindo III
Pemerintah	Pemerintah
Pemerintah Daerah	Pemerintah Daerah
Pemerintah Desa Sana Daja and DPRD Jawa Timur	Pemerintah Desa Sana Daja and DPRD Jawa Timur
Pemerintah Kabupaten Banyuwangi	Pemerintah Kabupaten Banyuwangi
Pemerintah Kabupaten Bojonegoro	Pemerintah Kabupaten Bojonegoro
Pemerintah Kabupaten Jember	Pemerintah Kabupaten Jember
Pemerintah Kabupaten Lumajang	Pemerintah Kabupaten Lumajang
Pemerintah Kabupaten Malang	Pemerintah Kabupaten Malang
Pemerintah Kabupaten Mojokerto	Pemerintah Kabupaten Mojokerto
Pemerintah Kabupaten Ngawi	Pemerintah Kabupaten Ngawi
Pemerintah Kabupaten Sidoarjo	Pemerintah Kabupaten Sidoarjo
Pemerintah Kota Blitar	Pemerintah Kota Blitar
Pemerintah Kota Kediri	Pemerintah Kota Kediri
Pemerintah Kota Pasuruan	Pemerintah Kota Pasuruan
Pemerintah Kota Surabaya	Pemerintah Kota Surabaya
Pemerintah Provinsi Jawa Timur	Pemerintah Provinsi Jawa Timur
Pemkab Banyuwangi	Pemkab Banyuwangi
Pemkab Banyuwangi and Bulog	Pemkab Banyuwangi and Bulog
Pemkab Bondowoso	Pemkab Bondowoso
Pemkab Gresik	Pemkab Gresik
Pemkab Gresik / village public kitchen	Pemkab Gresik / village public kitchen
Pemkab Gresik and partners	Pemkab Gresik and partners
Pemkab Jember	Pemkab Jember
Pemkab Kediri	Pemkab Kediri
Pemkab Lamongan	Pemkab Lamongan
Pemkab Lamongan / flood-control operators	Pemkab Lamongan / flood-control operators
Pemkab Lumajang / disaster-response teams	Pemkab Lumajang / disaster-response teams
Pemkab Lumajang and Pemprov Jawa Timur	Pemkab Lumajang and Pemprov Jawa Timur
Pemkab Mojokerto	Pemkab Mojokerto
Pemkab Pasuruan	Pemkab Pasuruan
Pemkab Ponorogo	Pemkab Ponorogo
Pemkab Sidoarjo	Pemkab Sidoarjo
Pemkab Situbondo	Pemkab Situbondo
Pemkab Sumenep	Pemkab Sumenep
Pemkab Tuban	Pemkab Tuban
Pemkab, Kodim 0825, Pelindo Banyuwangi	Pemkab, Kodim 0825, Pelindo Banyuwangi
Pemkot Batu	Pemkot Batu
Pemkot Blitar and regional rice suppliers	Pemkot Blitar and regional rice suppliers
Pemkot Kediri	Pemkot Kediri
Pemkot Kediri and Kejaksaan Negeri Kediri	Pemkot Kediri and Kejaksaan Negeri Kediri
Pemkot Surabaya	Pemkot Surabaya
Pemprov Jatim	Pemprov Jatim
Pemprov Jawa Timur	Pemprov Jawa Timur
Pemprov Jawa Timur and Kementerian Pertanian	Pemprov Jawa Timur and Kementerian Pertanian
Pemprov Jawa Timur and Pemkot Kediri	Pemprov Jawa Timur and Pemkot Kediri
Pemprov Kalsel	Pemprov Kalsel
Penyakit Mulut dan Kuku (PMK)	Penyakit Mulut dan Kuku (PMK)
Persatuan Wartawan Indonesia (PWI) Malang Raya	Persatuan Wartawan Indonesia (PWI) Malang Raya
Pertamina EP Sukowati Field; Rahayu farmer group	Pertamina EP Sukowati Field; Rahayu farmer group
Pertamina Patra Niaga Jatimbalinus	Pertamina Patra Niaga Jatimbalinus
Perum Bolog	Perum Bolog
Perum Bulog	Perum Bulog
Perum Bulog Kantor Cabang Malang	Perum Bulog Kantor Cabang Malang
Perum Bulog Kantor Cabang Surabaya Selatan	Perum Bulog Kantor Cabang Surabaya Selatan
Perum Bulog Mojokerto	Perum Bulog Mojokerto
Perum Bulog Ponorogo	Perum Bulog Ponorogo
Perum Bulog Wilayah Jawa Timur (Jatim)	Perum Bulog Wilayah Jawa Timur (Jatim)
Perum Jasa Tirta I, HIPPA and local authorities	Perum Jasa Tirta I, HIPPA and local authorities
Perum Perhutani and PT PG Rajawali I	Perum Perhutani and PT PG Rajawali I
Perum Perhutani and PT Pabrik Gula Rajawali I	Perum Perhutani and PT Pabrik Gula Rajawali I
Pesantren At Tahdzib	Pesantren At Tahdzib
Petrokimia Gresik	Petrokimia Gresik
Petrokimia Gresik (PG) dan Bank Rakyat Indonesia (BRI)	Petrokimia Gresik (PG) dan Bank Rakyat Indonesia (BRI)
Petrokimia Gresik / Petrosida	Petrokimia Gresik / Petrosida
Petrokimia Gresik / Petrosida Gresik	Petrokimia Gresik / Petrosida Gresik
Petrokimia Gresik / Program Makmur	Petrokimia Gresik / Program Makmur
Petrokimia Gresik and PT Petrosida Gresik	Petrokimia Gresik and PT Petrosida Gresik
Petrokimia Gresik and Satgas Tanggap Bencana Nasional BUMN Wilayah Jawa Timur	Petrokimia Gresik and Satgas Tanggap Bencana Nasional BUMN Wilayah Jawa Timur
Petrokimia Gresik and participating melon farmers	Petrokimia Gresik and participating melon farmers
Petrokimia Gresik, PT Mitratani Dua Tujuh and edamame farmers	Petrokimia Gresik, PT Mitratani Dua Tujuh and edamame farmers
Petrokimia Gresik; East Java BUMN Disaster Task Force	Petrokimia Gresik; East Java BUMN Disaster Task Force
Petrokimia Gresik; Ministry of State-Owned Enterprises	Petrokimia Gresik; Ministry of State-Owned Enterprises
Pj Wali Kota Malang, Wahyu Hidayat	Pj Wali Kota Malang, Wahyu Hidayat
Plantation farmers	Plantation farmers
Polda Jawa Timur	Polda Jawa Timur
Police; Surabaya prosecutors	Police; Surabaya prosecutors
Polisi in Nganjuk	Polisi in Nganjuk
Politeknik Negeri Jember RIZFARM team	Politeknik Negeri Jember RIZFARM team
Polres Blitar Kota	Polres Blitar Kota
Polres Gresik	Polres Gresik
Polres Jombang and BPBD Jombang	Polres Jombang and BPBD Jombang
Polres Madiun, Polres Madiun Kota, Polres Nganjuk and Polres Magetan	Polres Madiun, Polres Madiun Kota, Polres Nganjuk and Polres Magetan
Polres Malang	Polres Malang
Polres Malang and Forkopimda Kabupaten Malang	Polres Malang and Forkopimda Kabupaten Malang
Polres Ngawi, Dinas Ketahanan Pangan dan Pertanian, and farmer groups	Polres Ngawi, Dinas Ketahanan Pangan dan Pertanian, and farmer groups
Polres Ponorogo	Polres Ponorogo
Polres Sumenep	Polres Sumenep
Ponorogo Regency Government; rice farmers	Ponorogo Regency Government; rice farmers
Port operators and food shippers	Port operators and food shippers
Poultry farmers	Poultry farmers
Poultry farmers and feed mills	Poultry farmers and feed mills
Presiden Joko Widodo	Presiden Joko Widodo
President Joko Widodo, Kementerian Pertanian and local farmers	President Joko Widodo, Kementerian Pertanian and local farmers
President of Indonesia; provincial governors	President of Indonesia; provincial governors
Probolinggo City Government; Bulog; BPS	Probolinggo City Government; Bulog; BPS
Probolinggo City Government; Forkopimda; BPS; Bulog	Probolinggo City Government; Forkopimda; BPS; Bulog
Probolinggo DKPP	Probolinggo DKPP
Program Optimasi Lahan (Oplah)	Program Optimasi Lahan (Oplah)
Puan Maharani	Puan Maharani
Pupuk Indonesia	Pupuk Indonesia
Pupuk Indonesia / Petrokimia Gresik	Pupuk Indonesia / Petrokimia Gresik
Pupuk Indonesia and Petrokimia Gresik	Pupuk Indonesia and Petrokimia Gresik
Pupuk Indonesia group including PT Petrokimia Gresik	Pupuk Indonesia group including PT Petrokimia Gresik
Pupuk Indonesia; Government of Indonesia	Pupuk Indonesia; Government of Indonesia
Pupuk Indonesia; Ministry of Agriculture	Pupuk Indonesia; Ministry of Agriculture
Pupuk Indonesia; Ministry of State-Owned Enterprises; banks; insurers	Pupuk Indonesia; Ministry of State-Owned Enterprises; banks; insurers
Pupuk Indonesia; Petrokimia Gresik	Pupuk Indonesia; Petrokimia Gresik
Pupuk Indonesia; Tuban Agriculture and Food Security Office	Pupuk Indonesia; Tuban Agriculture and Food Security Office
Pupuk Kaltim	Pupuk Kaltim
Pupuk Kaltim / Program Makmur	Pupuk Kaltim / Program Makmur
Pusvetma Kementan	Pusvetma Kementan
RNI	RNI
Registered farmers	Registered farmers
Relawan Jawa Timur Bersama Ganjar-Mahfud (Jatim Beragam)	Relawan Jawa Timur Bersama Ganjar-Mahfud (Jatim Beragam)
Residents affected by the Semeru eruption	Residents affected by the Semeru eruption
Residents of Laok Gunung	Residents of Laok Gunung
Residents of Sumberlangsep	Residents of Sumberlangsep
Rianto	Rianto
Rice and corn farmers	Rice and corn farmers
Rice and corn farmers using Bendo Reservoir	Rice and corn farmers using Bendo Reservoir
Rice consumers	Rice consumers
Rice farmers	Rice farmers
Rice farmers and agricultural land managers	Rice farmers and agricultural land managers
Rice farmers and fertilizer retailers	Rice farmers and fertilizer retailers
Rice farmers using Biosaka	Rice farmers using Biosaka
Rice markets	Rice markets
Rice mills and medium-rice retailers	Rice mills and medium-rice retailers
Rice retailers and consumers	Rice retailers and consumers
Rice traders	Rice traders
Rizqie egg farm	Rizqie egg farm
Rotten-egg trader and distributor	Rotten-egg trader and distributor
SPBU Jetak	SPBU Jetak
SPHP rice adulterators	SPHP rice adulterators
SPHP rice distribution network / consumers	SPHP rice distribution network / consumers
SPPG Kaliwates 3; affected students	SPPG Kaliwates 3; affected students
SPPG YBBS Mojokerto; affected students	SPPG YBBS Mojokerto; affected students
Sardine canning factories	Sardine canning factories
Sardine canning industry	Sardine canning industry
Satgas BUMN wilayah Jawa Timur	Satgas BUMN wilayah Jawa Timur
Satgas Bencana BUMN Jatim	Satgas Bencana BUMN Jatim
Satgas Bencana BUMN Wilayah Jawa Timur	Satgas Bencana BUMN Wilayah Jawa Timur
Satgas Ketahanan Pangan Kota Kediri	Satgas Ketahanan Pangan Kota Kediri
Satgas Pangan	Satgas Pangan
Satgas Pangan Polres Malang	Satgas Pangan Polres Malang
Satgasus Pangan Bareskrim Polri	Satgasus Pangan Bareskrim Polri
Satib	Satib
Satuan Tugas (Satgas) Pangan Jawa Timur (Jatim)	Satuan Tugas (Satgas) Pangan Jawa Timur (Jatim)
Semeru eruption victims	Semeru eruption victims
Semeru evacuees	Semeru evacuees
Shallot farmers	Shallot farmers
Sidoarjo BPBD	Sidoarjo BPBD
Sidoarjo Police Food Task Force; East Java Police	Sidoarjo Police Food Task Force; East Java Police
Sidoarjo Regency Government; Bulog; PT YASA	Sidoarjo Regency Government; Bulog; PT YASA
Sinergi Gula Nusantara; Petrokimia Gresik; financial institutions	Sinergi Gula Nusantara; Petrokimia Gresik; financial institutions
Situbondo Water and Air Police; Kalbut fishers	Situbondo Water and Air Police; Kalbut fishers
Sugar consumers and industry	Sugar consumers and industry
Sugarcane farmers	Sugarcane farmers
Sugarcane farmers and PG Rajawali I Krebet Baru	Sugarcane farmers and PG Rajawali I Krebet Baru
Sugarcane farmers and sugar warehouses	Sugarcane farmers and sugar warehouses
Sukorejo Police	Sukorejo Police
Sumaji	Sumaji
Sumenep Police; Sumenep local government agencies	Sumenep Police; Sumenep local government agencies
Sumenep Regency Government	Sumenep Regency Government
Sumenep Regent; Sumenep TPID	Sumenep Regent; Sumenep TPID
Sunarto household	Sunarto household
Sungai Kali Lamong	Sungai Kali Lamong
Surabaya Police; Surabaya prosecutors	Surabaya Police; Surabaya prosecutors
Syafi tofu factory	Syafi tofu factory
Syngenta Indonesia	Syngenta Indonesia
TNI Angkatan Udara (AU)	TNI Angkatan Udara (AU)
TPID Kota Malang	TPID Kota Malang
Taslan	Taslan
Toko modern	Toko modern
UMKM sambal kemasan	UMKM sambal kemasan
UMM volunteers and Dinas Peternakan dan Kesehatan Hewan Kabupaten Malang	UMM volunteers and Dinas Peternakan dan Kesehatan Hewan Kabupaten Malang
Universitas Jember and Kelompok Tani Kencono Wungu	Universitas Jember and Kelompok Tani Kencono Wungu
Unlicensed alcoholic-drink producer	Unlicensed alcoholic-drink producer
Unlicensed alcoholic-drink producers	Unlicensed alcoholic-drink producers
Unlicensed cooking-oil packager	Unlicensed cooking-oil packager
Unlicensed rice repackager	Unlicensed rice repackager
Vegetable farmers	Vegetable farmers
Vice President of Indonesia; Ministry of Agriculture	Vice President of Indonesia; Ministry of Agriculture
Wabup Pasuruan, Kalaksa BPBD Jatim	Wabup Pasuruan, Kalaksa BPBD Jatim
Wakil Bupati Sugirah with Pokmaswas and Pokdakan Desa Macanputih	Wakil Bupati Sugirah with Pokmaswas and Pokdakan Desa Macanputih
Wakil Ketua DPRD Jatim	Wakil Ketua DPRD Jatim
Wali Kota Malang Wahyu Hidayat	Wali Kota Malang Wahyu Hidayat
Warga Kepulauan Masalembu	Warga Kepulauan Masalembu
Wilmar Padi Indonesia	Wilmar Padi Indonesia
Wilmar Padi Indonesia; Kedung Rawan farmers	Wilmar Padi Indonesia; Kedung Rawan farmers
Wilmar Padi Indonesia; farmer groups	Wilmar Padi Indonesia; farmer groups
alam	alam
angin puting beliung	angin puting beliung
beef trader at Pasar Leces	beef trader at Pasar Leces
cattle farmers in East Java	cattle farmers in East Java
cattle farmers in Kabupaten Malang	cattle farmers in Kabupaten Malang
cattle farmers in Kabupaten Pasuruan	cattle farmers in Kabupaten Pasuruan
cattle farmers in Kabupaten Sumenep	cattle farmers in Kabupaten Sumenep
cattle farmers in Magetan	cattle farmers in Magetan
cattle farmers in Ponorogo	cattle farmers in Ponorogo
cattle population in East Java	cattle population in East Java
chicken farmer in Jombang	chicken farmer in Jombang
chili and tomato farmers in Ngawi	chili and tomato farmers in Ngawi
chili farmers in East Java	chili farmers in East Java
chili farmers in Kabupaten Lamongan	chili farmers in Kabupaten Lamongan
chili farmers in Lamongan, Tuban and Kediri	chili farmers in Lamongan, Tuban and Kediri
chili farmers in Malang	chili farmers in Malang
chili farmers supplying Kediri	chili farmers supplying Kediri
chili farmers supplying Kota Kediri	chili farmers supplying Kota Kediri
chili farmers supplying Madiun	chili farmers supplying Madiun
chili farmers supplying Magetan	chili farmers supplying Magetan
chili farmers supplying Sumenep	chili farmers supplying Sumenep
chili farms in East Java	chili farms in East Java
chili traders and consumers in Sumenep	chili traders and consumers in Sumenep
chili traders in Kota Kediri	chili traders in Kota Kediri
chili traders in Ngawi	chili traders in Ngawi
chili traders in Pasar Sayur Magetan	chili traders in Pasar Sayur Magetan
climate	climate
clove farmers in Kabupaten Madiun	clove farmers in Kabupaten Madiun
community public kitchen in Desa Ngaban	community public kitchen in Desa Ngaban
consumers and retailers in East Java	consumers and retailers in East Java
consumers and retailers in Magetan	consumers and retailers in Magetan
cooking-oil distributors in East Java	cooking-oil distributors in East Java
crop farmers and fish-pond farmers in Gresik	crop farmers and fish-pond farmers in Gresik
cuaca	cuaca
cuaca ekstrem	cuaca ekstrem
curah hujan	curah hujan
desa	desa
distributor	distributor
eligible households and Pemkab Lumajang	eligible households and Pemkab Lumajang
farmer	farmer
farmer groups, cooperatives, and Pemkab Jember	farmer groups, cooperatives, and Pemkab Jember
farmers	farmers
farmers and cattle owners in Dusun Peh	farmers and cattle owners in Dusun Peh
farmers eligible for subsidized fertilizer in Gresik	farmers eligible for subsidized fertilizer in Gresik
farmers in Bangkalan	farmers in Bangkalan
farmers in Bojonegoro	farmers in Bojonegoro
farmers in Desa Kloposawit	farmers in Desa Kloposawit
farmers in Jampit, Bondowoso	farmers in Jampit, Bondowoso
farmers in Jember	farmers in Jember
farmers in Kabupaten Jember	farmers in Kabupaten Jember
farmers in Kabupaten Lumajang	farmers in Kabupaten Lumajang
farmers in Lumajang	farmers in Lumajang
farmers in Tuban	farmers in Tuban
farmers of Desa Gredek	farmers of Desa Gredek
farmers, Dinas PU SDA Kabupaten Lamongan	farmers, Dinas PU SDA Kabupaten Lamongan
fish farmers at Telaga Ngebel	fish farmers at Telaga Ngebel
fish-pond farmers in Lamongan	fish-pond farmers in Lamongan
fish-pond farmers in flooded villages	fish-pond farmers in flooded villages
food traders at Pasar Kembang Surabaya	food traders at Pasar Kembang Surabaya
food traders in Pacitan	food traders in Pacitan
food warehouse operator in Situbondo	food warehouse operator in Situbondo
gempa	gempa
gempa bumi bermagnitudo 6,1	gempa bumi bermagnitudo 6,1
global producers	global producers
governance	governance
government	government
hewan ternak	hewan ternak
imported ginger consignments from India and Myanmar	imported ginger consignments from India and Myanmar
irrigation system degradation	irrigation system degradation
livestock authorities / cattle supply chain	livestock authorities / cattle supply chain
livestock farmers in East Java	livestock farmers in East Java
livestock farmers in Ngantang	livestock farmers in Ngantang
livestock farmers in affected provinces	livestock farmers in affected provinces
livestock in four East Java areas	livestock in four East Java areas
livestock owners in Kota Batu	livestock owners in Kota Batu
livestock population in East Java	livestock population in East Java
local farmers	local farmers
local fish-pond farmers	local fish-pond farmers
local government of Kediri	local government of Kediri
local livestock owners	local livestock owners
longsor	longsor
marine fisheries / fish market in Banyuwangi	marine fisheries / fish market in Banyuwangi
market	market
masyarakat	masyarakat
masyarakat Lamongan	masyarakat Lamongan
meat traders at Pasar Nguling	meat traders at Pasar Nguling
national	national
natural	natural
natural disaster	natural disaster
natural_disaster	natural_disaster
nature	nature
oil retailers and consumers in Lamongan	oil retailers and consumers in Lamongan
oknum	oknum
paddy millers	paddy millers
pemerintah provinsi	pemerintah provinsi
penggilingan	penggilingan
perajin tempe	perajin tempe
petambak ikan	petambak ikan
petani	petani
petani garam	petani garam
petani padi	petani padi
petani tebu	petani tebu
petani tembakau	petani tembakau
petek, antraknosa, layu fusarium	petek, antraknosa, layu fusarium
plantation operators / farmers in Semboro	plantation operators / farmers in Semboro
police	police
poultry farmers in Blitar	poultry farmers in Blitar
poultry farmers in Kecamatan Sempu, Banyuwangi	poultry farmers in Kecamatan Sempu, Banyuwangi
program MBG	program MBG
public	public
residents	residents
residents of Dusun Sumberlangsep	residents of Dusun Sumberlangsep
rice and corn farmers in Desa Binor	rice and corn farmers in Desa Binor
rice and corn farmers in Lumajang	rice and corn farmers in Lumajang
rice and food-crop farmers in Banyuwangi	rice and food-crop farmers in Banyuwangi
rice and secondary-crop farmers in Bangorejo	rice and secondary-crop farmers in Bangorejo
rice and sugarcane farmers in Magetan	rice and sugarcane farmers in Magetan
rice farmers	rice farmers
rice farmers / Poktan Morodadi	rice farmers / Poktan Morodadi
rice farmers and fish-pond farmers	rice farmers and fish-pond farmers
rice farmers dependent on irrigation in Magetan	rice farmers dependent on irrigation in Magetan
rice farmers in Bangsalsari, Jember	rice farmers in Bangsalsari, Jember
rice farmers in Banyuwangi	rice farmers in Banyuwangi
rice farmers in Blitar	rice farmers in Blitar
rice farmers in Desa Bira Timur, Sampang	rice farmers in Desa Bira Timur, Sampang
rice farmers in Desa Krokeh	rice farmers in Desa Krokeh
rice farmers in Desa Nguken	rice farmers in Desa Nguken
rice farmers in Jombang	rice farmers in Jombang
rice farmers in Kabupaten Jember	rice farmers in Kabupaten Jember
rice farmers in Kabupaten Lamongan	rice farmers in Kabupaten Lamongan
rice farmers in Kabupaten Madiun	rice farmers in Kabupaten Madiun
rice farmers in Kabupaten Ngawi	rice farmers in Kabupaten Ngawi
rice farmers in Kabupaten Tuban	rice farmers in Kabupaten Tuban
rice farmers in Kecamatan Gudo	rice farmers in Kecamatan Gudo
rice farmers in Kecamatan Plumpang	rice farmers in Kecamatan Plumpang
rice farmers in Kota Blitar	rice farmers in Kota Blitar
rice farmers in Madiun	rice farmers in Madiun
rice farmers in Magetan	rice farmers in Magetan
rice farmers in Malang Selatan	rice farmers in Malang Selatan
rice farmers in Ngawi	rice farmers in Ngawi
rice farmers in Ponorogo	rice farmers in Ponorogo
rice farmers in Purwoasri, Kediri	rice farmers in Purwoasri, Kediri
rice farmers in Trenggalek	rice farmers in Trenggalek
rice millers	rice millers
rice producers in Bojonegoro	rice producers in Bojonegoro
rice traders and consumers in Kota Malang	rice traders and consumers in Kota Malang
rice traders in Kota Blitar	rice traders in Kota Blitar
rice traders in Madiun	rice traders in Madiun
ruminant livestock in Kabupaten Malang	ruminant livestock in Kabupaten Malang
sardine-processing factories	sardine-processing factories
small and medium food-and-beverage businesses in East Java	small and medium food-and-beverage businesses in East Java
speculators	speculators
sugarcane transport crew	sugarcane transport crew
supply chain	supply chain
supporting parties assisting local farmers	supporting parties assisting local farmers
tikus	tikus
tofu factory operator in Bondowoso	tofu factory operator in Bondowoso
tofu producers in Ngawi	tofu producers in Ngawi
tomato farmers in Madiun	tomato farmers in Madiun
traditional fishermen in Brondong	traditional fishermen in Brondong
traditional fishermen in Desa Paciran	traditional fishermen in Desa Paciran
vegetable farmers supplying Kediri	vegetable farmers supplying Kediri
vegetable traders in Pasar Kebonagung, Pasuruan	vegetable traders in Pasar Kebonagung, Pasuruan
volunteers in Ponorogo	volunteers in Ponorogo
warga	warga
warga Pamekasan	warga Pamekasan
warga Pasuruan	warga Pasuruan
warga dan BPBD	warga dan BPBD
warga sekitar	warga sekitar
weather	weather
