location_id	label
11 disaster-affected regencies/cities in East Java	11 disaster-affected regencies/cities in East Java
38 kabupaten/kota in East Java	38 kabupaten/kota in East Java
Aceh, North Sumatra and West Sumatra	Aceh, North Sumatra and West Sumatra
Aceh, West Sumatra and North Sumatra	Aceh, West Sumatra and North Sumatra
All Indonesian provinces, including East Java	All Indonesian provinces, including East Java
Bangkalan, East Java	Bangkalan, East Java
Banyuwangi	Banyuwangi
Banyuwangi and Surabaya, East Java	Banyuwangi and Surabaya, East Java
Banyuwangi, East Java	Banyuwangi, East Java
Banyuwangi, Jawa Timur	Banyuwangi, Jawa Timur
Banyuwangi, Situbondo, and Bondowoso, East Java	Banyuwangi, Situbondo, and Bondowoso, East Java
Batu City and East Java	Batu City and East Java
Batu, East Java	Batu, East Java
Bengawan Jero area, Kabupaten Lamongan, East Java	Bengawan Jero area, Kabupaten Lamongan, East Java
Bintan, Indonesia (supply originated partly in East Java)	Bintan, Indonesia (supply originated partly in East Java)
Bintan, Riau Islands	Bintan, Riau Islands
Blitar	Blitar
Blitar City, East Java	Blitar City, East Java
Blitar and Malang, East Java	Blitar and Malang, East Java
Blitar, East Java	Blitar, East Java
Blitar, East Java (aid dispatched to Cianjur)	Blitar, East Java (aid dispatched to Cianjur)
Blitar, East Java, and Kendal	Blitar, East Java, and Kendal
Blitar, Jawa Timur	Blitar, Jawa Timur
Bojonegoro	Bojonegoro
Bojonegoro, East Java	Bojonegoro, East Java
Bondowoso, East Java	Bondowoso, East Java
Candipuro and Pronojiwo, East Java	Candipuro and Pronojiwo, East Java
Cianjur, West Java	Cianjur, West Java
Desa Banjararum, Kecamatan Singosari, Kabupaten Malang, East Java	Desa Banjararum, Kecamatan Singosari, Kabupaten Malang, East Java
Desa Blimbing Kecamatan Mojo Kabupaten Kediri	Desa Blimbing Kecamatan Mojo Kabupaten Kediri
Desa Dasin, Kecamatan Tambakboyo, Kabupaten Tuban, East Java	Desa Dasin, Kecamatan Tambakboyo, Kabupaten Tuban, East Java
Desa Gladak, Rogojampi, Banyuwangi, East Java	Desa Gladak, Rogojampi, Banyuwangi, East Java
Desa Glundengan, Wuluhan, Jember, East Java	Desa Glundengan, Wuluhan, Jember, East Java
Desa Gondoruso, Pasirian, Lumajang, East Java	Desa Gondoruso, Pasirian, Lumajang, East Java
Desa Gredek, Kecamatan Duduksampeyan, Kabupaten Gresik, East Java	Desa Gredek, Kecamatan Duduksampeyan, Kabupaten Gresik, East Java
Desa Jombok and Desa Blimbing, Kecamatan Kesamben, Kabupaten Jombang, East Java	Desa Jombok and Desa Blimbing, Kecamatan Kesamben, Kabupaten Jombang, East Java
Desa Kaotan, Blimbingsari, Banyuwangi, East Java	Desa Kaotan, Blimbingsari, Banyuwangi, East Java
Desa Kedawungkulon	Desa Kedawungkulon
Desa Kedungrukem, Kecamatan Benjeng, Kabupaten Gresik, East Java	Desa Kedungrukem, Kecamatan Benjeng, Kabupaten Gresik, East Java
Desa Keliran, Bulukerto, Batu, East Java	Desa Keliran, Bulukerto, Batu, East Java
Desa Macanputih, Banyuwangi, East Java	Desa Macanputih, Banyuwangi, East Java
Desa Manduro Manggung Gajah, Ngoro, Mojokerto, East Java	Desa Manduro Manggung Gajah, Ngoro, Mojokerto, East Java
Desa Mentaras, Kecamatan Dukun, Kabupaten Gresik, East Java	Desa Mentaras, Kecamatan Dukun, Kabupaten Gresik, East Java
Desa Munggugianti, Benjeng, Gresik, East Java	Desa Munggugianti, Benjeng, Gresik, East Java
Desa Ngijo, Kecamatan Karangploso, Kabupaten Malang, East Java	Desa Ngijo, Kecamatan Karangploso, Kabupaten Malang, East Java
Desa Nogosari and Curahmalang, Kecamatan Rambipuji, Kabupaten Jember, East Java	Desa Nogosari and Curahmalang, Kecamatan Rambipuji, Kabupaten Jember, East Java
Desa Oro-Oro Ombo, Kecamatan Pronojiwo	Desa Oro-Oro Ombo, Kecamatan Pronojiwo
Desa Paciran, Kabupaten Lamongan, East Java	Desa Paciran, Kabupaten Lamongan, East Java
Desa Pakis and Desa Pecoro, Jember, East Java	Desa Pakis and Desa Pecoro, Jember, East Java
Desa Pakis, Panti, Jember, East Java	Desa Pakis, Panti, Jember, East Java
Desa Prodo	Desa Prodo
Desa Ringintelu, Kecamatan Bangorejo, Kabupaten Banyuwangi, East Java	Desa Ringintelu, Kecamatan Bangorejo, Kabupaten Banyuwangi, East Java
Desa Sambirobyong, Kecamatan Kayen Kidul, Kabupaten Kediri, East Java	Desa Sambirobyong, Kecamatan Kayen Kidul, Kabupaten Kediri, East Java
Desa Sana Daja, Pasean, Pamekasan, East Java	Desa Sana Daja, Pasean, Pamekasan, East Java
Desa Semboro, Kabupaten Jember, East Java	Desa Semboro, Kabupaten Jember, East Java
Desa Senori, Kecamatan Merakurak, Kabupaten Tuban, East Java	Desa Senori, Kecamatan Merakurak, Kabupaten Tuban, East Java
Desa Sidorejo, Rowokangkung, Lumajang, East Java	Desa Sidorejo, Rowokangkung, Lumajang, East Java
Desa Sirnoboyo, Kecamatan Benjeng, Kabupaten Gresik, East Java	Desa Sirnoboyo, Kecamatan Benjeng, Kabupaten Gresik, East Java
Desa Sitiarjo, Kecamatan Sumbermanjing Wetan	Desa Sitiarjo, Kecamatan Sumbermanjing Wetan
Desa Sumberagung, Pesanggaran, Banyuwangi, East Java	Desa Sumberagung, Pesanggaran, Banyuwangi, East Java
Desa Sumberbendo, Kecamatan Pare, Kabupaten Kediri, East Java	Desa Sumberbendo, Kecamatan Pare, Kabupaten Kediri, East Java
Desa Supiturang, Kecamatan Pronojiwo, Kabupaten Malang	Desa Supiturang, Kecamatan Pronojiwo, Kabupaten Malang
Desa Tambakploso, Kecamatan Turi, Kabupaten Lamongan, East Java	Desa Tambakploso, Kecamatan Turi, Kabupaten Lamongan, East Java
Desa Wedoroanom, Kecamatan Driyorejo, Kabupaten Gresik, East Java	Desa Wedoroanom, Kecamatan Driyorejo, Kabupaten Gresik, East Java
Driyorejo, Gresik, East Java	Driyorejo, Gresik, East Java
Dusun Balong, Desa Banyulegi, Kecamatan Dawarblandong	Dusun Balong, Desa Banyulegi, Kecamatan Dawarblandong
Dusun Balongrejo, Desa Kedungringin, Kecamatan Beji	Dusun Balongrejo, Desa Kedungringin, Kecamatan Beji
Dusun Garon, Desa Samar, Tulungagung, East Java	Dusun Garon, Desa Samar, Tulungagung, East Java
Dusun Gondangmanis, Desa Gondangmanis, Bandarkedungmulyo, Jombang	Dusun Gondangmanis, Desa Gondangmanis, Bandarkedungmulyo, Jombang
Dusun Kamar A, Desa Oro-Oro Ombo, Kecamatan Pronojiwo	Dusun Kamar A, Desa Oro-Oro Ombo, Kecamatan Pronojiwo
Dusun Krajan, Desa Sempolan, Kecamatan Silo	Dusun Krajan, Desa Sempolan, Kecamatan Silo
Dusun Laok Gunung, Desa Sana Daja, Pasean, Pamekasan, East Java	Dusun Laok Gunung, Desa Sana Daja, Pasean, Pamekasan, East Java
Dusun Laok Gunung, Desa Sana Dhaja, Kecamatan Pasean, Kabupaten Pamekasan	Dusun Laok Gunung, Desa Sana Dhaja, Kecamatan Pasean, Kabupaten Pamekasan
Dusun Peh, Desa Gunungsari, Kecamatan Maesan, Kabupaten Bondowoso, East Java	Dusun Peh, Desa Gunungsari, Kecamatan Maesan, Kabupaten Bondowoso, East Java
Dusun Selopuro, Desa/Kec Ngetos, Kabupaten Nganjuk	Dusun Selopuro, Desa/Kec Ngetos, Kabupaten Nganjuk
Dusun Selopuro, Ngetos, Nganjuk, East Java	Dusun Selopuro, Ngetos, Nganjuk, East Java
East Java	East Java
East Java (among programme regions)	East Java (among programme regions)
East Java (venue for Java-region GPIPS launch)	East Java (venue for Java-region GPIPS launch)
East Java and Indonesia	East Java and Indonesia
East Java and other food-producing regions	East Java and other food-producing regions
East Java and other rice-producing regions	East Java and other rice-producing regions
East Java and seven other provinces	East Java and seven other provinces
East Java to Jabodetabek, Bandung Raya and Banten	East Java to Jabodetabek, Bandung Raya and Banten
East Java toll and non-toll road network	East Java toll and non-toll road network
East Java, Bali, East Nusa Tenggara, and West Nusa Tenggara	East Java, Bali, East Nusa Tenggara, and West Nusa Tenggara
East Java, Banten, and East Kalimantan	East Java, Banten, and East Kalimantan
East Java, Central Java, and Lampung	East Java, Central Java, and Lampung
East Java, West Java, West Nusa Tenggara, East Nusa Tenggara, and Lampung	East Java, West Java, West Nusa Tenggara, East Nusa Tenggara, and Lampung
East Java, especially Blitar	East Java, especially Blitar
East Java, including Tulungagung, Situbondo, and Ponorogo	East Java, including Tulungagung, Situbondo, and Ponorogo
East_Java	East_Java
From East Java to East Nusa Tenggara	From East Java to East Nusa Tenggara
From Jember, East Java, to Papua	From Jember, East Java, to Papua
Gianyar, Bali	Gianyar, Bali
Gresik	Gresik
Gresik, East Java	Gresik, East Java
Gresik, Jawa Timur	Gresik, Jawa Timur
Gresik, Sidoarjo, Lamongan, and Mojokerto, East Java	Gresik, Sidoarjo, Lamongan, and Mojokerto, East Java
Gresik–Bawean route, East Java	Gresik–Bawean route, East Java
Gumukmas, Jember, East Java	Gumukmas, Jember, East Java
Indonesia	Indonesia
Indonesia (Blitar source context)	Indonesia (Blitar source context)
Indonesia (assessment held in Surabaya)	Indonesia (assessment held in Surabaya)
Indonesia (including East Java market)	Indonesia (including East Java market)
Indonesia (including East Java)	Indonesia (including East Java)
Indonesia (including Pasuruan, East Java)	Indonesia (including Pasuruan, East Java)
Indonesia (including Surabaya)	Indonesia (including Surabaya)
Indonesia (program agreed in Surabaya)	Indonesia (program agreed in Surabaya)
Indonesia (programme includes PT Petrokimia Gresik)	Indonesia (programme includes PT Petrokimia Gresik)
Indonesia (reported in Blitar, East Java)	Indonesia (reported in Blitar, East Java)
Indonesia (reported in Jember, East Java)	Indonesia (reported in Jember, East Java)
Indonesia, affecting East Java poultry producers	Indonesia, affecting East Java poultry producers
Indonesia, especially East Java	Indonesia, especially East Java
Indonesia, explicitly including East Java	Indonesia, explicitly including East Java
Indonesia, including Bangkalan, East Java	Indonesia, including Bangkalan, East Java
Indonesia, including Bulog East Java working area	Indonesia, including Bulog East Java working area
Indonesia, including East Java	Indonesia, including East Java
Indonesia, including East Java and Nganjuk	Indonesia, including East Java and Nganjuk
Indonesia, including East Java and Surabaya	Indonesia, including East Java and Surabaya
Indonesia, including East Java rice-production centers	Indonesia, including East Java rice-production centers
Indonesia, including Malang, East Java	Indonesia, including Malang, East Java
Indonesia, including Tanjung Perak, Surabaya, East Java	Indonesia, including Tanjung Perak, Surabaya, East Java
Indonesia, including the Blitar poultry supply chain	Indonesia, including the Blitar poultry supply chain
Indonesia, meeting held in Surabaya, East Java	Indonesia, meeting held in Surabaya, East Java
Indonesia, observed in Sumenep, East Java	Indonesia, observed in Sumenep, East Java
Indonesia, produced in Gresik, East Java	Indonesia, produced in Gresik, East Java
Indonesia, reported in Banyuwangi, East Java	Indonesia, reported in Banyuwangi, East Java
JEMBER	JEMBER
Jakarta operation supplied by egg producers in Blitar, East Java	Jakarta operation supplied by egg producers in Blitar, East Java
Jalan Mojokerto-Kota Batu, Kabupaten Mojokerto, Jawa Timur	Jalan Mojokerto-Kota Batu, Kabupaten Mojokerto, Jawa Timur
Jatim	Jatim
Jawa Timur	Jawa Timur
Jawa Timur,Banyuwangi	Jawa Timur,Banyuwangi
Jember	Jember
Jember, East Java	Jember, East Java
Jember, East Java, and Indonesia	Jember, East Java, and Indonesia
Jember, Jawa Timur	Jember, Jawa Timur
Jember, Lumajang, Banyuwangi, Jawa Timur	Jember, Lumajang, Banyuwangi, Jawa Timur
Jombang	Jombang
Jombang and Mojokerto, East Java	Jombang and Mojokerto, East Java
Jombang, East Java	Jombang, East Java
Kabupaten Bondowoso, Dusun Paterongan, Desa Walidono, Kecamatan Prajekan	Kabupaten Bondowoso, Dusun Paterongan, Desa Walidono, Kecamatan Prajekan
Kabupaten Gresik, East Java	Kabupaten Gresik, East Java
Kabupaten Jember, East Java	Kabupaten Jember, East Java
Kabupaten Jember, Jawa Timur	Kabupaten Jember, Jawa Timur
Kabupaten Kediri	Kabupaten Kediri
Kabupaten Kediri, East Java	Kabupaten Kediri, East Java
Kabupaten Lumajang	Kabupaten Lumajang
Kabupaten Lumajang, East Java	Kabupaten Lumajang, East Java
Kabupaten Malang	Kabupaten Malang
Kabupaten Malang, East Java	Kabupaten Malang, East Java
Kabupaten Malang, Jawa Timur	Kabupaten Malang, Jawa Timur
Kabupaten Malang, Kecamatan Ampelgading, Desa Wirotaman	Kabupaten Malang, Kecamatan Ampelgading, Desa Wirotaman
Kabupaten Mojokerto	Kabupaten Mojokerto
Kabupaten Ngajuk, Jawa Timur	Kabupaten Ngajuk, Jawa Timur
Kabupaten Nganjuk, East Java	Kabupaten Nganjuk, East Java
Kabupaten Nganjuk, Jawa Timur	Kabupaten Nganjuk, Jawa Timur
Kabupaten Pasuruan	Kabupaten Pasuruan
Kabupaten Pasuruan, Dusun Balongrejo, Desa Kedungringin, Kecamatan Beji	Kabupaten Pasuruan, Dusun Balongrejo, Desa Kedungringin, Kecamatan Beji
Kabupaten Pasuruan, Jawa Timur	Kabupaten Pasuruan, Jawa Timur
Kabupaten Probolinggo	Kabupaten Probolinggo
Kabupaten Sidoarjo	Kabupaten Sidoarjo
Kabupaten Sumenep, East Java	Kabupaten Sumenep, East Java
Kabupaten Sumenep, Jawa Timur	Kabupaten Sumenep, Jawa Timur
Kabupaten Tuban, East Java	Kabupaten Tuban, East Java
Kali Belik RT 2 RW 3, Batu, East Java	Kali Belik RT 2 RW 3, Batu, East Java
Kalisat, Jember, East Java	Kalisat, Jember, East Java
Kalitengah, Karangbinangun, Turi, Deket and Glagah, Kabupaten Lamongan, East Java	Kalitengah, Karangbinangun, Turi, Deket and Glagah, Kabupaten Lamongan, East Java
Kalitengah, Turi, Deket, Glagah and Karangbinangun, Kabupaten Lamongan, East Java	Kalitengah, Turi, Deket, Glagah and Karangbinangun, Kabupaten Lamongan, East Java
Kalsel	Kalsel
Kanada	Kanada
Kecamatan Cerme and Benjeng, Kabupaten Gresik, East Java	Kecamatan Cerme and Benjeng, Kabupaten Gresik, East Java
Kecamatan Cerme and Bungah, Kabupaten Gresik, East Java	Kecamatan Cerme and Bungah, Kabupaten Gresik, East Java
Kecamatan Glagah and Kecamatan Deket, Kabupaten Lamongan, East Java	Kecamatan Glagah and Kecamatan Deket, Kabupaten Lamongan, East Java
Kecamatan Glagah, Kabupaten Lamongan, East Java	Kecamatan Glagah, Kabupaten Lamongan, East Java
Kecamatan Ngimbang, Kabupaten Lamongan, East Java	Kecamatan Ngimbang, Kabupaten Lamongan, East Java
Kecamatan Porong, Sidoarjo	Kecamatan Porong, Sidoarjo
Kecamatan Pronojiwo	Kecamatan Pronojiwo
Kedamean and Menganti, Gresik, East Java	Kedamean and Menganti, Gresik, East Java
Kediri	Kediri
Kediri City, East Java	Kediri City, East Java
Kediri City, Kediri Regency, and Nganjuk, East Java	Kediri City, Kediri Regency, and Nganjuk, East Java
Kediri Regency, East Java	Kediri Regency, East Java
Kediri and Nganjuk, East Java	Kediri and Nganjuk, East Java
Kediri, East Java	Kediri, East Java
Kediri, East Java to Jabodetabek	Kediri, East Java to Jabodetabek
Kedung Rawan, Sidoarjo, East Java	Kedung Rawan, Sidoarjo, East Java
Kelurahan Ardirejo, Kecamatan Panji, Kabupaten Situbondo, East Java	Kelurahan Ardirejo, Kecamatan Panji, Kabupaten Situbondo, East Java
Kepulauan Masalembu	Kepulauan Masalembu
Kepulauan Masalembu, Kabupaten Sumenep	Kepulauan Masalembu, Kabupaten Sumenep
Kepulauan Masalembu, Kabupaten Sumenep, Jawa Timur	Kepulauan Masalembu, Kabupaten Sumenep, Jawa Timur
Kertosari, Jember, East Java	Kertosari, Jember, East Java
Kota Batu	Kota Batu
Kota Batu and Kota Malang, East Java	Kota Batu and Kota Malang, East Java
Kota Batu, East Java	Kota Batu, East Java
Kota Kediri, East Java	Kota Kediri, East Java
Kota Kediri,Jawa Timur	Kota Kediri,Jawa Timur
Kota Malang	Kota Malang
Kota Pasuruan	Kota Pasuruan
Lamongan	Lamongan
Lamongan, East Java	Lamongan, East Java
Lamongan, Kediri, Mojokerto, and Trenggalek, East Java	Lamongan, Kediri, Mojokerto, and Trenggalek, East Java
Laok Gunung, Pamekasan, East Java	Laok Gunung, Pamekasan, East Java
Lapangan Rampal, Kota Malang, East Java	Lapangan Rampal, Kota Malang, East Java
Licin, Banyuwangi, East Java	Licin, Banyuwangi, East Java
Lumajang	Lumajang
Lumajang, Desa Supiturang, Kecamatan Pronojiwo	Lumajang, Desa Supiturang, Kecamatan Pronojiwo
Lumajang, East Java	Lumajang, East Java
Lumajang, Jawa Timur	Lumajang, Jawa Timur
Madiun City, East Java	Madiun City, East Java
Madiun, East Java	Madiun, East Java
Madiun, East Java, and Indonesia	Madiun, East Java, and Indonesia
Magetan, East Java	Magetan, East Java
Malang	Malang
Malang City, East Java	Malang City, East Java
Malang Regency, East Java	Malang Regency, East Java
Malang and East Java	Malang and East Java
Malang and Lumajang, East Java	Malang and Lumajang, East Java
Malang and Mojokerto, East Java	Malang and Mojokerto, East Java
Malang and other East Java districts	Malang and other East Java districts
Malang and other Indonesian districts	Malang and other Indonesian districts
Malang dan sekitarnya	Malang dan sekitarnya
Malang, Blitar, Pasuruan, and Batu, East Java	Malang, Blitar, Pasuruan, and Batu, East Java
Malang, East Java	Malang, East Java
Malang, Jawa Timur	Malang, Jawa Timur
Mamuju Tengah	Mamuju Tengah
Maumere and Ende, East Nusa Tenggara	Maumere and Ende, East Nusa Tenggara
Milkindo Farm, Desa Tegalsari, Kecamatan Kepanjen, Kabupaten Malang, East Java	Milkindo Farm, Desa Tegalsari, Kecamatan Kepanjen, Kabupaten Malang, East Java
Mojokerto	Mojokerto
Mojokerto City, East Java	Mojokerto City, East Java
Mojokerto and Jombang, East Java	Mojokerto and Jombang, East Java
Mojokerto, East Java	Mojokerto, East Java
Muncar and Pesanggaran, Banyuwangi, East Java	Muncar and Pesanggaran, Banyuwangi, East Java
Munjungan, Trenggalek, East Java	Munjungan, Trenggalek, East Java
NTT	NTT
Nganjuk	Nganjuk
Nganjuk and Malang, East Java	Nganjuk and Malang, East Java
Nganjuk, East Java	Nganjuk, East Java
Nganjuk, Jawa Timur	Nganjuk, Jawa Timur
Ngantang, Malang, East Java	Ngantang, Malang, East Java
Ngawi	Ngawi
Ngawi and Mojokerto, East Java	Ngawi and Mojokerto, East Java
Ngawi market supply chain, East Java and Central Java	Ngawi market supply chain, East Java and Central Java
Ngawi, East Java	Ngawi, East Java
Ngawi, East Java, and Indonesia	Ngawi, East Java, and Indonesia
Ngawi, Madiun, and Ponorogo, East Java	Ngawi, Madiun, and Ponorogo, East Java
Ngetos, Nganjuk, East Java	Ngetos, Nganjuk, East Java
PT Enero, Mojokerto, East Java	PT Enero, Mojokerto, East Java
Paciran, Lamongan, East Java	Paciran, Lamongan, East Java
Pacitan, East Java	Pacitan, East Java
Pacitan, East Java, and other Indonesian districts	Pacitan, East Java, and other Indonesian districts
Pakel, Tulungagung, East Java	Pakel, Tulungagung, East Java
Pamekasan, East Java	Pamekasan, East Java
Pamekasan, Jawa Timur	Pamekasan, Jawa Timur
Papua	Papua
Pasar Agrobis Babat, Kabupaten Lamongan, East Java	Pasar Agrobis Babat, Kabupaten Lamongan, East Java
Pasar Agrobis Babat, Lamongan, East Java	Pasar Agrobis Babat, Lamongan, East Java
Pasuruan	Pasuruan
Pasuruan City, East Java	Pasuruan City, East Java
Pasuruan and East Java	Pasuruan and East Java
Pasuruan, East Java	Pasuruan, East Java
Pelabuhan Perikanan Nusantara Brondong, Lamongan, East Java	Pelabuhan Perikanan Nusantara Brondong, Lamongan, East Java
Perairan Masalembu	Perairan Masalembu
Pojentrek	Pojentrek
Ponorogo, East Java	Ponorogo, East Java
Ponorogo, East Java and Indonesia	Ponorogo, East Java and Indonesia
Pringgabaya Utara, Kabupaten Lombok Timur, West Nusa Tenggara	Pringgabaya Utara, Kabupaten Lombok Timur, West Nusa Tenggara
Probolinggo and Malang, East Java	Probolinggo and Malang, East Java
Probolinggo and Surabaya, East Java	Probolinggo and Surabaya, East Java
Probolinggo, East Java	Probolinggo, East Java
Pronojiwo, Kabupaten Lumajang	Pronojiwo, Kabupaten Lumajang
Pujon, Ngantang, Kasembon and other areas of Kabupaten Malang, East Java	Pujon, Ngantang, Kasembon and other areas of Kabupaten Malang, East Java
Pulau Masalembu, Kabupaten Sumenep	Pulau Masalembu, Kabupaten Sumenep
RPH Surabaya, East Java	RPH Surabaya, East Java
Rogojampi, Banyuwangi, East Java	Rogojampi, Banyuwangi, East Java
SGN sugar regions, including East Java	SGN sugar regions, including East Java
Sampang, East Java	Sampang, East Java
Semeru-affected areas, East Java	Semeru-affected areas, East Java
Seven Indonesian provinces, including East Java	Seven Indonesian provinces, including East Java
Seven provinces, including East Java	Seven provinces, including East Java
Sidoarjo	Sidoarjo
Sidoarjo and Pasuruan, East Java	Sidoarjo and Pasuruan, East Java
Sidoarjo and Surabaya, East Java	Sidoarjo and Surabaya, East Java
Sidoarjo, East Java	Sidoarjo, East Java
Sidoarjo, Jawa Timur	Sidoarjo, Jawa Timur
Situbondo and Madura Strait, East Java	Situbondo and Madura Strait, East Java
Situbondo, East Java	Situbondo, East Java
Soso, Blitar, East Java	Soso, Blitar, East Java
Sumatra, Indonesia	Sumatra, Indonesia
Sumberlangsep, Lumajang, East Java	Sumberlangsep, Lumajang, East Java
Sumenep mainland and islands, East Java	Sumenep mainland and islands, East Java
Sumenep, East Java	Sumenep, East Java
Sumenep, Pulau Madura	Sumenep, Pulau Madura
Sungai Kedung Cenit, Bakung, Blitar, East Java	Sungai Kedung Cenit, Bakung, Blitar, East Java
Sungai Kedung Cenit, Plandirejo, Bakung, Blitar, East Java	Sungai Kedung Cenit, Plandirejo, Bakung, Blitar, East Java
Surabaya	Surabaya
Surabaya and Sidoarjo, East Java	Surabaya and Sidoarjo, East Java
Surabaya and other Indonesian ports	Surabaya and other Indonesian ports
Surabaya, East Java	Surabaya, East Java
Surabaya, East Java, plus Jakarta and Medan	Surabaya, East Java, plus Jakarta and Medan
Surabaya,Jawa Timur	Surabaya,Jawa Timur
Tanggul and Semboro, Kabupaten Jember, East Java	Tanggul and Semboro, Kabupaten Jember, East Java
Tanjung Perak Surabaya and Mojokerto, East Java	Tanjung Perak Surabaya and Mojokerto, East Java
Tanjung Perak, Surabaya, East Java	Tanjung Perak, Surabaya, East Java
Ten Indonesian provinces, including Jember, East Java	Ten Indonesian provinces, including Jember, East Java
Timor-Leste	Timor-Leste
Trenggalek and Bojonegoro, East Java	Trenggalek and Bojonegoro, East Java
Trenggalek, East Java	Trenggalek, East Java
Tuban, East Java	Tuban, East Java
Tuban, Kediri, and Blitar, East Java	Tuban, Kediri, and Blitar, East Java
Tulungagung, East Java	Tulungagung, East Java
Wonodadi, Mojokerto, East Java	Wonodadi, Mojokerto, East Java
eight affected subdistricts, Lumajang, East Java	eight affected subdistricts, Lumajang, East Java
five districts in Kabupaten Lamongan, East Java	five districts in Kabupaten Lamongan, East Java
four areas of East Java	four areas of East Java
lokasi	lokasi
national coordination announced in Surabaya, East Java	national coordination announced in Surabaya, East Java
several highland production centers, East Java	several highland production centers, East Java
